type,role,mac,rssi,rate,sig_mode,mcs,bandwidth,smoothing,not_sounding,aggregation,stbc,fec_coding,sgi,noise_floor,ampdu_cnt,channel,secondary_channel,local_timestamp,ant,sig_len,rx_state,real_time_set,real_timestamp,len,CSI_DATA
CSI_DATA,AP,A4:CF:12:24:A1:20,-53,11,1,7,1,1,1,0,0,0,1,-95,0,6,1,1493981,0,157,0,0,1.64828,384,[-99 -48 9 0 0 0 0 0 0 0 0 0 -27 1 -27 0 -27 0 -27 -1 -27 -2 -27 -2 -26 -3 -26 -4 -25 -4 -25 -4 -25 -5 -24 -6 -24 -5 -24 -5 -23 -5 -23 -6 -23 -6 -23 -6 -22 -5 -21 -5 -21 -5 -20 -5 -21 -4 -20 -4 -20 -4 -19 -4 0 0 -19 -3 -19 -3 -18 -2 -19 -3 -18 -1 -18 -1 -18 -1 -18 -1 -18 -1 -19 0 -18 0 -18 1 -17 2 -18 2 -18 2 -18 2 -17 3 -18 2 -18 3 -18 3 -18 3 -17 4 -17 4 -17 5 -17 5 -17 4 0 0 0 0 0 0 0 0 0 0 ]
CSI_DATA,AP,A4:CF:12:24:A1:20,-53,11,1,7,1,1,1,0,0,0,1,-95,0,6,1,1514700,0,135,0,0,1.66847,384,[-121 112 8 0 0 0 0 0 0 0 0 0 -22 -7 -21 -8 -21 -8 -20 -9 -20 -9 -19 -10 -19 -10 -19 -11 -18 -11 -19 -11 -18 -11 -17 -12 -17 -11 -17 -11 -16 -11 -17 -11 -15 -11 -16 -11 -15 -10 -15 -10 -15 -10 -15 -10 -15 -10 -14 -9 -14 -9 -14 -9 0 0 -14 -8 -14 -8 -14 -7 -14 -8 -13 -6 -14 -6 -14 -6 -14 -6 -15 -6 -15 -6 -14 -5 -14 -5 -14 -5 -15 -4 -15 -4 -15 -4 -15 -3 -15 -4 -15 -3 -16 -3 -15 -3 -15 -2 -15 -2 -15 -2 -15 -2 -15 -2 0 0 0 0 0 0 0 0 0 0 ]
CSI_DATA,AP,A4:CF:12:24:A1:20,-53,11,1,7,1,1,1,0,0,0,1,-95,0,6,1,1523523,0,390,0,0,1.67708,384,[-122 -31 23 0 0 0 0 0 0 0 0 0 -1 21 -2 21 -3 21 -3 21 -4 21 -5 21 -5 20 -5 20 -6 20 -6 19 -6 19 -6 18 -7 18 -7 18 -7 18 -7 17 -7 16 -7 16 -7 17 -7 16 -6 16 -6 15 -6 15 -6 15 -5 15 -5 15 0 0 -5 14 -5 15 -4 14 -4 14 -3 14 -3 14 -3 14 -3 14 -2 14 -2 14 -2 14 -2 14 -2 14 -1 14 -1 14 -1 14 0 14 0 14 0 14 0 14 0 14 0 14 1 14 1 14 1 14 1 14 0 0 0 0 0 0 0 0 0 0 ]
CSI_DATA,AP,A4:CF:12:24:A1:20,-53,11,1,7,1,1,1,0,0,0,1,-95,0,6,1,1541230,0,390,0,0,1.69499,384,[-122 -31 23 0 0 0 0 0 0 0 0 0 15 -22 16 -22 16 -21 17 -21 17 -20 18 -19 18 -18 18 -18 19 -17 18 -16 18 -16 18 -15 18 -15 18 -15 19 -15 18 -14 17 -13 17 -13 17 -13 17 -13 16 -13 16 -13 16 -13 15 -12 15 -13 14 -13 0 0 14 -13 13 -13 13 -13 13 -13 12 -13 12 -14 11 -13 11 -13 11 -13 10 -14 10 -14 10 -14 10 -14 10 -15 9 -14 9 -15 8 -15 8 -15 8 -15 8 -15 8 -15 7 -16 7 -16 7 -16 7 -15 6 -16 0 0 0 0 0 0 0 0 0 0 ]
CSI_DATA,AP,A4:CF:12:24:A1:20,-54,11,1,7,1,1,1,0,0,0,1,-95,0,6,1,1558703,0,82,0,0,1.71233,384,[82 -96 4 0 0 0 0 0 0 0 0 0 -2 -21 -1 -22 -1 -21 0 -21 0 -20 1 -21 2 -20 2 -20 3 -20 2 -19 2 -19 3 -19 3 -19 3 -19 3 -19 3 -17 3 -17 3 -17 3 -18 3 -17 3 -17 3 -16 2 -16 2 -16 2 -16 2 -16 0 0 1 -15 1 -15 1 -15 1 -14 0 -15 0 -15 0 -14 -1 -15 -1 -14 -2 -14 -2 -14 -2 -14 -3 -14 -3 -15 -3 -13 -3 -14 -3 -14 -4 -14 -4 -14 -4 -14 -4 -14 -5 -14 -5 -13 -6 -14 -5 -13 -6 -13 0 0 0 0 0 0 0 0 0 0 ]
CSI_DATA,AP,A4:CF:12:24:A1:20,-53,11,1,7,1,1,1,0,0,0,1,-95,0,6,1,1815755,0,82,0,0,1.96943,384,[82 -96 4 0 0 0 0 0 0 0 0 0 -16 -22 -15 -22 -14 -23 -13 -23 -13 -23 -12 -23 -11 -23 -11 -23 -10 -23 -10 -24 -9 -23 -9 -23 -8 -23 -7 -23 -7 -23 -7 -22 -7 -21 -6 -21 -6 -21 -7 -21 -6 -20 -6 -20 -7 -20 -6 -19 -6 -19 -7 -18 0 0 -7 -18 -7 -18 -7 -18 -7 -17 -7 -16 -8 -16 -8 -16 -9 -16 -9 -16 -9 -16 -9 -15 -9 -15 -10 -15 -10 -15 -11 -15 -11 -14 -10 -14 -11 -14 -11 -14 -12 -14 -12 -14 -12 -14 -11 -14 -12 -13 -12 -13 -13 -13 0 0 0 0 0 0 0 0 0 0 ]
CSI_DATA,AP,A4:CF:12:24:A1:20,-54,11,1,7,1,1,1,0,0,0,1,-95,0,6,1,2315303,0,82,0,0,2.46899,384,[82 -96 4 0 0 0 0 0 0 0 0 0 -28 -4 -27 -6 -27 -6 -26 -7 -26 -8 -26 -8 -25 -9 -24 -9 -24 -10 -24 -9 -23 -9 -23 -10 -22 -9 -23 -9 -22 -10 -22 -10 -21 -10 -21 -10 -20 -9 -20 -9 -20 -9 -20 -8 -20 -8 -19 -7 -19 -7 -19 -7 0 0 -18 -7 -19 -6 -18 -5 -18 -5 -18 -4 -17 -5 -18 -4 -18 -3 -18 -4 -18 -3 -18 -2 -18 -2 -18 -1 -18 -1 -18 -1 -19 -1 -18 0 -18 0 -18 0 -18 0 -18 1 -17 1 -17 2 -18 3 -18 2 -18 3 0 0 0 0 0 0 0 0 0 0 ]
CSI_DATA,AP,A4:CF:12:24:A1:20,-54,11,1,7,1,1,1,0,0,0,1,-95,0,6,1,2316849,0,82,0,0,2.47544,384,[82 -96 4 0 0 0 0 0 0 0 0 0 24 -13 24 -11 24 -11 24 -10 25 -10 24 -8 24 -7 24 -7 24 -5 24 -7 23 -7 23 -6 23 -6 23 -6 23 -5 22 -4 21 -4 21 -4 21 -4 21 -4 20 -4 20 -4 19 -4 19 -5 18 -6 18 -5 0 0 18 -5 18 -6 17 -6 16 -6 16 -7 16 -7 16 -7 16 -8 15 -7 15 -9 14 -9 14 -9 15 -10 15 -10 14 -10 14 -10 14 -11 14 -10 13 -10 13 -11 13 -11 13 -11 13 -12 12 -13 11 -12 12 -12 0 0 0 0 0 0 0 0 0 0 ]
CSI_DATA,AP,A4:CF:12:24:A1:20,-54,11,1,7,1,1,1,0,0,0,1,-95,0,6,1,2459094,0,82,0,0,2.61273,384,[82 -96 4 0 0 0 0 0 0 0 0 0 8 -23 9 -22 10 -22 10 -22 11 -22 10 -20 12 -20 12 -20 12 -19 13 -19 12 -18 12 -17 12 -17 12 -17 13 -17 12 -16 11 -16 11 -16 11 -16 12 -15 11 -15 11 -16 11 -15 10 -15 10 -14 9 -15 0 0 9 -14 8 -15 8 -14 8 -15 7 -15 7 -15 7 -15 6 -16 6 -14 6 -15 5 -15 5 -15 5 -15 4 -15 4 -16 4 -15 3 -16 3 -16 3 -16 2 -16 3 -16 2 -16 2 -16 1 -17 1 -16 1 -15 0 0 0 0 0 0 0 0 0 0 ]
CSI_DATA,AP,A4:CF:12:24:A1:20,-44,11,0,0,0,0,0,0,0,0,0,-95,0,6,1,2485224,0,37,0,0,2.63899,128,[37 80 2 0 0 0 0 0 0 0 0 0 -30 -8 -29 -9 -29 -10 -29 -11 -28 -12 -27 -13 -26 -13 -26 -14 -25 -14 -25 -14 -25 -14 -24 -14 -24 -14 -24 -14 -23 -15 -23 -14 -22 -14 -21 -14 -21 -14 -21 -14 -20 -13 -20 -13 -20 -13 -20 -12 -20 -12 -20 -11 0 0 -20 -11 -20 -10 -20 -10 -19 -9 -19 -9 -19 -9 -19 -8 -19 -8 -19 -8 -20 -7 -20 -6 -20 -6 -20 -5 -20 -5 -20 -5 -21 -4 -20 -4 -21 -4 -21 -4 -20 -4 -21 -3 -21 -3 -21 -3 -21 -2 -21 -2 -21 -1 0 0 0 0 0 0 0 0 0 0 ]
CSI_DATA,AP,A4:CF:12:24:A1:20,-54,11,1,7,1,1,1,0,0,0,1,-95,0,6,1,2485526,0,122,0,0,2.64576,384,[122 32 7 0 0 0 0 0 0 0 0 0 -23 11 -22 10 -22 10 -23 8 -23 8 -23 7 -22 5 -23 5 -23 5 -22 5 -22 5 -21 4 -21 4 -21 4 -21 4 -21 4 -20 3 -20 3 -20 3 -19 3 -19 3 -18 3 -18 3 -18 4 -18 4 -18 4 0 0 -17 4 -17 5 -16 5 -16 4 -15 5 -15 5 -15 5 -15 6 -15 5 -15 6 -14 7 -14 7 -14 8 -14 8 -14 8 -14 8 -13 9 -13 8 -13 8 -13 8 -14 9 -13 10 -13 10 -13 10 -12 10 -12 10 0 0 0 0 0 0 0 0 0 0 ]
CSI_DATA,AP,A4:CF:12:24:A1:20,-45,11,0,0,0,0,0,0,0,0,0,-95,0,6,1,2485652,0,37,0,0,2.65133,128,[37 80 2 0 0 0 0 0 0 0 0 0 8 -29 9 -28 10 -28 11 -28 12 -27 13 -26 13 -25 14 -25 14 -24 14 -24 14 -24 14 -24 14 -23 14 -23 15 -22 14 -22 14 -21 14 -20 14 -20 14 -19 14 -19 13 -19 13 -19 12 -19 12 -19 11 -19 0 0 11 -18 11 -19 10 -19 10 -19 9 -18 9 -19 9 -19 9 -19 8 -18 7 -19 6 -19 6 -19 6 -19 6 -20 6 -20 5 -20 5 -20 5 -20 5 -20 5 -20 5 -20 4 -20 3 -20 3 -21 2 -21 2 -20 0 0 0 0 0 0 0 0 0 0 ]
CSI_DATA,AP,A4:CF:12:24:A1:20,-53,11,1,7,1,1,1,1,0,0,1,-95,1,6,1,2560877,0,122,0,0,2.71462,384,[122 32 7 0 0 0 0 0 0 0 0 0 26 -4 26 -3 26 -3 25 -2 26 -1 25 0 24 0 25 1 24 2 24 2 24 3 23 4 23 3 23 3 22 3 22 3 21 3 21 3 20 3 20 3 20 3 19 2 20 3 19 2 18 2 18 2 0 0 18 2 18 1 17 0 18 1 17 0 17 0 17 -1 17 -1 17 -1 17 -1 16 -2 16 -2 16 -3 16 -3 17 -3 16 -4 16 -4 16 -4 16 -4 16 -4 16 -5 15 -6 16 -5 16 -6 15 -6 15 -6 0 0 0 0 0 0 0 0 0 0 ]
CSI_DATA,AP,A4:CF:12:24:A1:20,-53,11,1,7,1,1,1,1,0,0,1,-95,1,6,1,2661813,0,122,0,0,2.81547,384,[122 32 7 0 0 0 0 0 0 0 0 0 5 24 4 25 3 24 2 25 2 24 1 24 1 23 0 23 -1 23 -1 23 -1 22 -1 22 -1 22 -1 22 -2 21 -2 21 -2 21 -2 20 -2 20 -2 19 -2 19 -2 19 -1 18 -1 18 -1 18 0 18 0 0 0 17 0 17 0 17 1 16 1 16 1 16 2 16 2 16 3 15 3 15 4 15 3 15 4 16 5 16 4 15 5 15 5 14 6 14 6 14 6 14 7 14 6 14 7 14 7 14 8 13 8 13 0 0 0 0 0 0 0 0 0 0 ]
CSI_DATA,AP,A4:CF:12:24:A1:20,-53,11,1,7,1,1,1,1,0,0,1,-95,1,6,1,2762711,0,122,0,0,2.91654,384,[122 32 7 0 0 0 0 0 0 0 0 0 -12 22 -12 21 -13 21 -13 20 -14 21 -14 19 -14 19 -15 19 -15 18 -16 18 -15 17 -15 16 -15 16 -15 16 -15 16 -15 15 -15 14 -15 15 -15 14 -15 14 -15 14 -14 14 -13 13 -13 13 -13 13 -12 13 0 0 -12 13 -11 14 -11 13 -11 13 -10 14 -10 14 -10 13 -9 14 -9 13 -9 14 -8 13 -8 14 -8 14 -7 14 -8 14 -7 14 -7 15 -6 14 -6 15 -6 15 -6 15 -6 15 -6 15 -5 16 -5 15 -5 15 0 0 0 0 0 0 0 0 0 0 ]
CSI_DATA,AP,A4:CF:12:24:A1:20,-54,11,1,7,1,1,1,1,0,0,1,-95,1,6,1,2863752,0,122,0,0,3.01742,384,[122 32 7 0 0 0 0 0 0 0 0 0 26 2 26 3 24 4 25 5 24 5 25 6 24 7 22 7 23 7 21 7 22 7 22 8 21 7 21 8 20 8 19 7 20 8 19 8 20 7 18 7 18 7 18 6 18 7 17 5 17 5 17 5 0 0 17 5 16 5 17 4 16 4 17 3 16 2 16 2 16 1 16 2 16 1 16 1 16 0 16 0 16 -1 16 -1 17 -1 15 -2 17 -2 16 -2 16 -2 16 -3 16 -4 15 -3 16 -4 15 -4 16 -4 0 0 0 0 0 0 0 0 0 0 ]
CSI_DATA,AP,A4:CF:12:24:A1:20,-54,11,1,7,1,1,1,1,0,0,1,-95,1,6,1,2964648,0,122,0,0,3.11838,384,[122 32 7 0 0 0 0 0 0 0 0 0 18 -19 18 -18 18 -18 19 -17 19 -16 19 -15 19 -14 19 -14 20 -13 19 -13 19 -12 19 -12 18 -12 19 -12 19 -11 18 -10 18 -10 17 -10 17 -10 17 -10 17 -10 17 -10 16 -9 15 -10 15 -10 15 -10 0 0 14 -10 14 -10 13 -10 13 -9 13 -10 12 -11 12 -11 12 -11 12 -11 11 -12 11 -11 11 -12 11 -13 10 -13 11 -12 11 -12 10 -13 10 -13 10 -13 9 -13 9 -14 9 -14 8 -14 8 -15 8 -14 8 -14 0 0 0 0 0 0 0 0 0 0 ]
CSI_DATA,AP,A4:CF:12:24:A1:20,-54,11,1,7,1,1,1,1,0,0,1,-95,1,6,1,3065822,0,122,0,0,3.21954,384,[122 32 7 0 0 0 0 0 0 0 0 0 -8 -22 -7 -23 -7 -22 -6 -23 -6 -23 -4 -22 -4 -22 -3 -22 -4 -22 -3 -22 -2 -21 -2 -21 -2 -21 -1 -21 -2 -21 -1 -19 -1 -19 -1 -19 -1 -19 -2 -19 -1 -19 -2 -18 -2 -18 -2 -17 -2 -17 -3 -17 0 0 -3 -16 -3 -16 -3 -16 -4 -16 -4 -15 -4 -15 -4 -15 -5 -15 -5 -15 -6 -15 -6 -14 -6 -14 -6 -15 -6 -14 -7 -14 -7 -14 -7 -13 -8 -14 -8 -13 -8 -13 -8 -13 -8 -13 -8 -13 -9 -13 -9 -13 -10 -12 0 0 0 0 0 0 0 0 0 0 ]
CSI_DATA,AP,A4:CF:12:24:A1:20,-54,11,1,7,1,1,1,1,0,0,1,-95,1,6,1,3166699,0,122,0,0,3.32039,384,[122 32 7 0 0 0 0 0 0 0 0 0 -25 -11 -25 -12 -24 -13 -23 -13 -23 -14 -22 -15 -21 -15 -21 -16 -20 -15 -20 -16 -19 -16 -18 -16 -18 -16 -18 -16 -17 -16 -17 -16 -17 -15 -17 -15 -16 -15 -16 -15 -15 -14 -15 -14 -16 -14 -15 -13 -15 -13 -15 -13 0 0 -15 -12 -15 -12 -15 -11 -15 -11 -15 -10 -15 -10 -14 -10 -15 -10 -15 -9 -16 -9 -16 -8 -16 -8 -16 -8 -16 -8 -16 -8 -17 -7 -16 -7 -17 -7 -17 -6 -17 -7 -17 -6 -17 -6 -17 -6 -17 -5 -17 -5 -17 -4 0 0 0 0 0 0 0 0 0 0 ]
CSI_DATA,AP,A4:CF:12:24:A1:20,-54,11,1,7,1,1,1,1,0,0,1,-95,1,6,1,3267711,0,122,0,0,3.42131,384,[122 32 7 0 0 0 0 0 0 0 0 0 -23 9 -23 8 -23 8 -23 7 -23 6 -23 5 -23 4 -23 4 -23 3 -22 3 -22 3 -22 2 -21 3 -21 2 -21 2 -21 2 -21 2 -20 1 -20 2 -19 2 -19 1 -18 1 -19 1 -18 2 -18 3 -18 2 0 0 -17 2 -16 3 -16 3 -16 3 -16 4 -15 4 -15 4 -15 5 -15 4 -15 5 -15 5 -15 6 -14 6 -14 7 -14 7 -15 6 -14 7 -14 7 -14 7 -14 7 -13 7 -13 9 -13 9 -13 9 -13 9 -13 8 0 0 0 0 0 0 0 0 0 0 ]
CSI_DATA,AP,A4:CF:12:24:A1:20,-54,11,1,7,1,1,1,0,0,0,1,-95,0,6,1,3315771,0,82,0,0,3.46941,384,[82 -96 4 0 0 0 0 0 0 0 0 0 -6 -24 -5 -25 -4 -25 -4 -25 -3 -25 -2 -24 -2 -24 -1 -24 -1 -23 -1 -24 0 -23 0 -22 0 -22 1 -22 0 -22 0 -21 0 -21 0 -20 1 -20 0 -20 0 -20 0 -19 -1 -19 -1 -19 0 -18 -1 -18 0 0 -2 -17 -2 -17 -2 -17 -3 -17 -2 -17 -3 -17 -3 -16 -4 -16 -4 -15 -5 -16 -5 -15 -5 -16 -5 -15 -6 -15 -6 -15 -7 -15 -6 -15 -7 -15 -8 -14 -8 -15 -8 -14 -8 -14 -8 -14 -9 -14 -9 -13 -9 -13 0 0 0 0 0 0 0 0 0 0 ]
CSI_DATA,AP,A4:CF:12:24:A1:20,-54,11,1,7,1,1,1,1,0,0,1,-95,1,6,1,3368302,0,122,0,0,3.52189,384,[122 32 7 0 0 0 0 0 0 0 0 0 -25 -3 -24 -3 -25 -4 -24 -4 -24 -5 -23 -6 -23 -6 -22 -7 -22 -8 -22 -7 -21 -8 -21 -8 -20 -8 -21 -8 -20 -8 -20 -8 -19 -8 -19 -9 -18 -7 -19 -8 -18 -8 -18 -7 -18 -7 -18 -7 -17 -6 -17 -6 0 0 -17 -5 -17 -6 -16 -5 -17 -5 -16 -4 -16 -4 -16 -3 -16 -3 -16 -4 -17 -3 -16 -2 -16 -2 -16 -2 -16 -1 -17 -1 -17 -1 -17 0 -16 -1 -17 0 -17 0 -16 0 -17 1 -17 1 -17 2 -16 2 -16 1 0 0 0 0 0 0 0 0 0 0 ]
CSI_DATA,AP,A4:CF:12:24:A1:20,-54,11,1,7,1,1,1,1,0,0,1,-95,1,6,1,3469682,0,122,0,0,3.62335,384,[122 32 7 0 0 0 0 0 0 0 0 0 22 11 21 11 20 12 20 12 20 13 19 13 18 14 17 14 17 14 16 14 16 14 16 15 15 14 15 15 15 14 14 14 14 13 14 13 13 13 13 13 13 13 13 12 13 12 13 12 12 11 13 11 0 0 12 10 13 10 13 10 13 10 12 9 13 9 12 8 13 8 13 8 13 8 13 7 13 7 13 7 14 6 14 6 15 6 14 5 14 6 15 5 15 5 14 5 14 5 14 5 15 4 15 4 15 4 0 0 0 0 0 0 0 0 0 0 ]
CSI_DATA,AP,A4:CF:12:24:A1:20,-53,11,1,7,1,1,1,1,0,0,1,-95,1,6,1,3570726,0,122,0,0,3.72435,384,[122 32 7 0 0 0 0 0 0 0 0 0 -5 -26 -4 -25 -3 -26 -2 -25 -1 -25 -1 -25 -1 -24 -1 -24 0 -24 1 -24 2 -23 2 -23 2 -22 3 -22 3 -22 2 -22 2 -21 2 -21 2 -21 2 -20 2 -20 2 -20 2 -19 2 -19 2 -18 1 -18 0 0 1 -18 0 -18 0 -18 0 -17 0 -17 -1 -17 -1 -17 -2 -17 -2 -16 -2 -16 -2 -16 -2 -17 -2 -17 -3 -16 -4 -16 -4 -16 -5 -17 -5 -16 -5 -16 -6 -16 -6 -16 -6 -16 -5 -16 -6 -16 -6 -15 -6 -15 0 0 0 0 0 0 0 0 0 0 ]
CSI_DATA,AP,A4:CF:12:24:A1:20,-53,11,1,7,1,1,1,1,0,0,1,-95,1,6,1,3671673,0,122,0,0,3.82532,384,[122 32 7 0 0 0 0 0 0 0 0 0 -14 22 -15 21 -15 20 -15 20 -16 20 -16 18 -16 18 -17 17 -16 17 -18 17 -16 15 -17 15 -17 15 -17 15 -17 14 -17 14 -16 14 -16 14 -16 13 -15 13 -15 13 -14 13 -15 12 -14 12 -14 12 -13 12 0 0 -13 12 -12 13 -11 12 -12 13 -11 13 -11 13 -10 13 -10 14 -10 13 -10 14 -9 13 -9 14 -9 14 -8 14 -8 14 -8 14 -7 15 -7 14 -7 14 -7 14 -7 15 -6 16 -6 16 -6 15 -6 15 -5 15 0 0 0 0 0 0 0 0 0 0 ]
CSI_DATA,AP,A4:CF:12:24:A1:20,-54,11,1,7,1,1,1,1,0,0,1,-95,1,6,1,3772766,0,122,0,0,3.9264,384,[122 32 7 0 0 0 0 0 0 0 0 0 11 -18 11 -17 12 -17 12 -17 12 -16 13 -15 13 -15 13 -14 13 -14 13 -14 13 -13 13 -12 13 -12 13 -12 13 -12 12 -12 12 -11 12 -12 12 -12 11 -11 11 -11 11 -12 11 -10 10 -11 11 -11 10 -11 0 0 9 -11 9 -11 9 -11 8 -11 8 -11 8 -12 7 -12 7 -12 7 -11 7 -12 6 -11 6 -12 6 -12 6 -12 5 -12 5 -13 5 -13 5 -13 4 -13 4 -13 4 -13 3 -14 4 -14 4 -14 3 -13 3 -13 0 0 0 0 0 0 0 0 0 0 ]
CSI_DATA,AP,A4:CF:12:24:A1:20,-53,11,1,7,1,1,1,1,0,0,1,-95,1,6,1,3873725,0,122,0,0,4.02739,384,[122 32 7 0 0 0 0 0 0 0 0 0 -18 18 -18 16 -20 17 -19 16 -21 16 -19 14 -20 13 -20 13 -21 12 -21 12 -20 11 -20 10 -20 10 -20 10 -20 10 -20 9 -18 9 -18 9 -18 9 -18 9 -17 9 -17 9 -18 8 -17 9 -16 9 -16 8 0 0 -15 8 -15 10 -14 9 -15 9 -14 9 -14 10 -13 10 -13 10 -13 10 -13 11 -12 10 -12 11 -12 12 -11 12 -12 11 -11 11 -11 13 -10 12 -10 12 -11 12 -10 12 -10 13 -10 13 -10 14 -9 13 -9 13 0 0 0 0 0 0 0 0 0 0 ]
CSI_DATA,AP,A4:CF:12:24:A1:20,-54,11,1,7,1,1,1,1,0,0,1,-95,1,6,1,3974726,0,122,0,0,4.12836,384,[122 32 7 0 0 0 0 0 0 0 0 0 -18 10 -18 10 -19 9 -19 9 -19 8 -19 7 -18 6 -19 6 -19 5 -19 6 -18 5 -18 5 -18 5 -18 5 -17 4 -17 4 -17 4 -17 4 -17 4 -16 4 -16 4 -16 4 -16 4 -15 4 -15 4 -15 4 0 0 -14 5 -14 5 -13 5 -13 5 -13 6 -13 6 -13 6 -12 6 -12 6 -13 7 -12 7 -12 7 -11 8 -11 8 -11 8 -11 8 -11 8 -11 8 -11 9 -11 9 -11 9 -10 10 -10 10 -10 10 -10 10 -10 10 0 0 0 0 0 0 0 0 0 0 ]
CSI_DATA,AP,A4:CF:12:24:A1:20,-53,11,1,7,1,1,1,1,0,0,1,-95,1,6,1,4075800,0,122,0,0,4.22942,384,[122 32 7 0 0 0 0 0 0 0 0 0 8 25 6 23 5 25 5 24 4 25 3 24 3 24 2 24 1 23 1 24 1 23 0 23 0 22 0 22 -1 21 -1 22 0 20 0 21 -1 20 -1 20 -1 19 -1 19 0 19 0 18 0 18 0 17 0 0 1 17 1 18 1 17 2 17 2 16 2 16 2 16 3 16 3 15 3 16 4 16 4 16 4 15 4 15 5 15 5 15 5 15 6 14 6 14 6 14 6 15 6 14 7 15 7 14 7 13 7 13 0 0 0 0 0 0 0 0 0 0 ]
CSI_DATA,AP,A4:CF:12:24:A1:20,-54,11,1,7,1,1,1,1,0,0,1,-95,1,6,1,4176693,0,122,0,0,4.33038,384,[122 32 7 0 0 0 0 0 0 0 0 0 10 -18 11 -17 11 -17 12 -16 12 -16 13 -15 13 -14 13 -14 13 -13 13 -13 13 -13 13 -12 13 -13 13 -12 13 -12 13 -11 13 -11 12 -11 12 -11 12 -11 12 -11 12 -11 12 -10 11 -11 11 -11 11 -11 0 0 10 -10 10 -10 10 -11 9 -10 9 -11 9 -11 9 -11 8 -11 8 -11 8 -11 7 -11 7 -12 7 -12 7 -12 6 -12 7 -12 6 -13 6 -13 6 -12 6 -12 6 -12 5 -13 5 -13 5 -14 5 -13 4 -13 0 0 0 0 0 0 0 0 0 0 ]
CSI_DATA,AP,A4:CF:12:24:A1:20,-54,11,1,7,1,1,1,1,0,0,1,-95,1,6,1,4277801,0,122,0,0,4.43141,384,[122 32 7 0 0 0 0 0 0 0 0 0 -7 -24 -6 -24 -5 -24 -5 -24 -4 -24 -3 -24 -3 -23 -2 -23 -2 -23 -1 -23 -2 -23 -1 -22 -1 -22 -1 -22 0 -22 0 -21 0 -21 -1 -20 0 -20 0 -20 0 -20 0 -19 -1 -19 -1 -18 -1 -18 -2 -18 0 0 -2 -17 -2 -17 -2 -17 -3 -16 -3 -16 -3 -16 -4 -16 -4 -16 -4 -16 -5 -16 -5 -15 -5 -15 -6 -16 -6 -16 -6 -15 -7 -15 -7 -15 -8 -15 -7 -14 -8 -14 -8 -14 -8 -14 -8 -14 -8 -14 -9 -13 -9 -13 0 0 0 0 0 0 0 0 0 0 ]
CSI_DATA,AP,A4:CF:12:24:A1:20,-54,11,1,7,1,1,1,0,0,0,1,-95,0,6,1,4315645,0,82,0,0,4.46928,384,[82 -96 4 0 0 0 0 0 0 0 0 0 -21 -17 -20 -18 -20 -18 -19 -18 -18 -19 -18 -20 -16 -20 -16 -20 -15 -20 -15 -20 -15 -20 -14 -20 -14 -19 -13 -19 -13 -20 -13 -19 -12 -19 -12 -18 -12 -19 -11 -18 -11 -18 -11 -17 -12 -17 -12 -16 -11 -16 -12 -16 0 0 -12 -15 -11 -15 -12 -14 -12 -14 -12 -14 -12 -14 -12 -13 -12 -13 -12 -13 -13 -12 -13 -12 -13 -11 -14 -11 -14 -11 -14 -11 -14 -10 -14 -10 -15 -10 -15 -10 -15 -10 -15 -10 -14 -10 -15 -9 -15 -9 -15 -8 -16 -8 0 0 0 0 0 0 0 0 0 0 ]
CSI_DATA,AP,A4:CF:12:24:A1:20,-54,11,1,7,1,1,1,1,0,0,1,-95,1,6,1,4378299,0,122,0,0,4.53186,384,[122 32 7 0 0 0 0 0 0 0 0 0 -26 1 -26 0 -25 -1 -25 -2 -25 -3 -25 -3 -23 -4 -24 -4 -23 -5 -23 -4 -22 -5 -22 -6 -22 -5 -21 -5 -21 -6 -20 -6 -21 -6 -20 -6 -20 -6 -19 -6 -19 -5 -18 -5 -18 -4 -18 -4 -18 -4 -18 -4 0 0 -17 -3 -17 -3 -17 -3 -17 -3 -16 -2 -16 -2 -16 -2 -17 -1 -17 -1 -16 0 -16 0 -16 1 -16 1 -16 1 -16 1 -16 1 -15 2 -16 2 -16 2 -16 2 -16 3 -16 3 -16 3 -16 4 -16 4 -16 4 0 0 0 0 0 0 0 0 0 0 ]
CSI_DATA,AP,A4:CF:12:24:A1:20,-54,11,1,7,1,1,1,1,0,0,1,-95,1,6,1,4479684,0,122,0,0,4.63336,384,[122 32 7 0 0 0 0 0 0 0 0 0 -8 -19 -8 -20 -6 -19 -7 -20 -6 -20 -5 -20 -4 -20 -4 -20 -3 -20 -3 -19 -3 -19 -3 -19 -3 -18 -2 -18 -2 -19 -2 -18 -2 -18 -2 -17 -2 -18 -2 -17 -2 -17 -2 -17 -2 -15 -2 -16 -2 -16 -3 -15 0 0 -3 -15 -3 -15 -3 -15 -4 -14 -4 -14 -4 -14 -4 -14 -4 -14 -5 -13 -5 -13 -5 -13 -6 -13 -6 -13 -6 -13 -6 -12 -7 -13 -7 -12 -7 -12 -7 -12 -8 -12 -8 -12 -8 -12 -8 -12 -8 -12 -9 -11 -9 -11 0 0 0 0 0 0 0 0 0 0 ]
CSI_DATA,AP,A4:CF:12:24:A1:20,-53,11,1,7,1,1,1,1,0,0,1,-95,1,6,1,4580686,0,122,0,0,4.73428,384,[122 32 7 0 0 0 0 0 0 0 0 0 -14 -22 -14 -22 -12 -22 -12 -23 -11 -23 -10 -23 -10 -22 -10 -23 -8 -22 -8 -23 -8 -22 -7 -22 -7 -22 -7 -22 -6 -22 -6 -20 -6 -21 -6 -20 -6 -21 -6 -20 -6 -19 -6 -19 -6 -18 -6 -18 -6 -18 -7 -18 0 0 -7 -17 -7 -17 -7 -17 -7 -15 -7 -16 -8 -16 -8 -15 -8 -15 -9 -14 -9 -14 -9 -14 -9 -14 -9 -14 -10 -14 -10 -14 -10 -14 -10 -13 -11 -13 -11 -13 -11 -12 -12 -12 -11 -12 -11 -12 -11 -12 -12 -11 -12 -11 0 0 0 0 0 0 0 0 0 0 ]
CSI_DATA,AP,A4:CF:12:24:A1:20,-54,11,1,7,1,1,1,1,0,0,1,-95,1,6,1,4681695,0,122,0,0,4.83533,384,[122 32 7 0 0 0 0 0 0 0 0 0 -23 11 -24 10 -23 10 -23 9 -23 8 -23 7 -23 6 -23 6 -23 5 -23 5 -22 5 -22 4 -22 4 -22 5 -22 4 -21 3 -21 3 -21 4 -20 4 -20 3 -19 3 -19 3 -18 3 -18 4 -18 4 -18 4 0 0 -17 4 -17 4 -16 5 -16 5 -16 6 -15 5 -15 6 -15 6 -15 6 -15 7 -14 7 -14 8 -14 8 -14 8 -14 8 -14 8 -13 9 -13 9 -13 9 -13 8 -13 9 -13 10 -13 10 -12 11 -12 10 -12 10 0 0 0 0 0 0 0 0 0 0 ]
CSI_DATA,AP,A4:CF:12:24:A1:20,-54,11,1,7,1,1,1,1,0,0,1,-95,1,6,1,4782605,0,122,0,0,4.93622,384,[122 32 7 0 0 0 0 0 0 0 0 0 7 -24 8 -24 8 -23 8 -23 9 -23 10 -22 10 -22 11 -21 10 -21 11 -20 12 -20 12 -19 11 -19 11 -19 12 -19 11 -18 11 -17 11 -17 10 -18 10 -17 10 -17 9 -17 9 -16 9 -16 9 -16 8 -15 0 0 8 -15 7 -16 6 -16 6 -15 6 -16 6 -15 5 -15 5 -16 4 -15 4 -15 4 -15 4 -16 3 -16 3 -16 2 -16 2 -16 2 -16 1 -16 1 -16 0 -16 1 -16 0 -16 0 -16 0 -17 0 -16 0 -16 0 0 0 0 0 0 0 0 0 0 ]
CSI_DATA,AP,A4:CF:12:24:A1:20,-53,11,1,7,1,1,1,1,0,0,1,-95,1,6,1,4883813,0,122,0,0,5.03761,384,[122 32 7 0 0 0 0 0 0 0 0 0 -22 -15 -21 -16 -20 -16 -20 -16 -19 -16 -18 -17 -18 -17 -17 -17 -17 -18 -16 -18 -15 -18 -15 -18 -15 -17 -14 -18 -14 -18 -14 -17 -14 -17 -14 -17 -13 -17 -13 -16 -12 -16 -12 -15 -13 -15 -12 -14 -12 -14 -13 -14 0 0 -12 -13 -12 -13 -12 -12 -13 -12 -13 -12 -12 -12 -12 -11 -13 -11 -13 -11 -13 -10 -14 -10 -14 -10 -14 -9 -14 -9 -14 -9 -14 -9 -14 -8 -15 -8 -15 -8 -15 -8 -15 -8 -15 -7 -15 -7 -15 -6 -15 -6 -15 -6 0 0 0 0 0 0 0 0 0 0 ]
CSI_DATA,AP,A4:CF:12:24:A1:20,-53,11,1,7,1,1,1,1,0,0,1,-95,1,6,1,4984732,0,122,0,0,5.13836,384,[122 32 7 0 0 0 0 0 0 0 0 0 -17 -21 -17 -21 -16 -22 -15 -22 -15 -22 -13 -22 -13 -22 -12 -22 -12 -22 -11 -23 -10 -22 -10 -22 -9 -22 -9 -22 -9 -22 -9 -21 -9 -20 -8 -21 -9 -20 -8 -19 -8 -19 -8 -19 -8 -19 -8 -18 -7 -18 -8 -17 0 0 -8 -17 -9 -17 -8 -15 -10 -16 -9 -15 -9 -15 -9 -14 -10 -15 -10 -14 -11 -14 -11 -14 -11 -13 -11 -13 -11 -13 -12 -13 -12 -12 -12 -13 -13 -12 -13 -12 -13 -12 -13 -12 -12 -11 -13 -12 -13 -11 -13 -10 -13 -10 0 0 0 0 0 0 0 0 0 0 ]
CSI_DATA,AP,A4:CF:12:24:A1:20,-53,11,1,7,1,1,1,1,0,0,1,-95,1,6,1,5085750,0,122,0,0,5.23933,384,[122 32 7 0 0 0 0 0 0 0 0 0 24 11 23 11 22 12 22 13 21 13 21 14 20 13 19 14 19 14 19 15 18 14 18 14 17 14 16 14 16 15 15 15 16 14 15 14 15 14 15 13 14 13 14 12 15 12 14 12 14 12 14 11 0 0 13 11 14 10 13 9 14 10 14 9 14 9 13 8 14 8 14 8 14 8 14 7 14 7 14 7 14 6 15 6 15 6 15 5 15 5 15 5 15 5 16 5 15 4 15 4 15 3 15 3 15 3 0 0 0 0 0 0 0 0 0 0 ]
CSI_DATA,AP,A4:CF:12:24:A1:20,-53,11,1,7,1,1,1,1,0,0,1,-95,1,6,1,5186698,0,122,0,0,5.34037,384,[122 32 7 0 0 0 0 0 0 0 0 0 5 -27 6 -26 7 -26 7 -26 8 -26 9 -25 9 -24 10 -23 10 -22 10 -23 10 -22 10 -21 10 -21 10 -21 11 -20 11 -20 10 -20 10 -19 10 -19 10 -19 10 -19 10 -18 9 -18 8 -18 8 -18 8 -17 0 0 7 -17 7 -17 6 -17 6 -17 6 -17 6 -17 5 -17 5 -18 4 -16 4 -17 3 -16 3 -17 2 -17 3 -17 2 -17 2 -17 1 -18 1 -17 1 -17 1 -17 1 -17 0 -17 0 -18 -1 -18 -1 -17 -1 -17 0 0 0 0 0 0 0 0 0 0 ]
CSI_DATA,AP,A4:CF:12:24:A1:20,-54,11,1,7,1,1,1,1,0,0,1,-95,1,6,1,5287692,0,122,0,0,5.44131,384,[122 32 7 0 0 0 0 0 0 0 0 0 -13 -17 -12 -18 -11 -18 -11 -19 -10 -19 -10 -19 -9 -18 -9 -19 -8 -18 -8 -18 -7 -18 -7 -18 -7 -18 -6 -18 -6 -18 -6 -17 -6 -17 -6 -17 -6 -17 -6 -16 -6 -16 -6 -16 -6 -15 -6 -15 -5 -15 -6 -15 0 0 -6 -14 -6 -13 -6 -14 -7 -13 -7 -13 -7 -13 -7 -12 -8 -13 -8 -12 -8 -12 -8 -12 -8 -12 -9 -12 -9 -12 -9 -11 -9 -11 -9 -11 -10 -11 -10 -10 -10 -10 -10 -10 -10 -10 -10 -10 -10 -10 -11 -10 -11 -10 0 0 0 0 0 0 0 0 0 0 ]
CSI_DATA,AP,A4:CF:12:24:A1:20,-53,11,1,7,1,1,1,0,0,0,1,-95,0,6,1,5315538,0,82,0,0,5.46908,384,[82 -96 4 0 0 0 0 0 0 0 0 0 25 -1 25 0 25 0 24 1 25 2 24 3 24 3 24 3 23 4 23 4 22 5 22 6 21 6 21 6 21 6 20 6 20 6 20 6 20 5 19 5 19 5 18 5 18 5 18 5 17 4 18 4 0 0 17 3 17 3 16 3 17 3 16 2 16 1 16 1 16 0 16 1 17 0 16 1 16 0 16 0 16 -1 16 -1 16 -1 15 -2 16 -3 16 -2 16 -2 16 -3 15 -4 16 -3 15 -4 15 -4 15 -4 0 0 0 0 0 0 0 0 0 0 ]
CSI_DATA,AP,A4:CF:12:24:A1:20,-53,11,1,7,1,1,1,1,0,0,1,-95,1,6,1,5388454,0,122,0,0,5.54218,384,[122 32 7 0 0 0 0 0 0 0 0 0 -25 4 -26 3 -25 2 -26 1 -25 1 -26 0 -24 0 -25 -1 -24 -1 -24 -1 -24 -2 -23 -3 -22 -3 -22 -3 -23 -3 -22 -3 -22 -3 -21 -3 -21 -3 -20 -2 -20 -2 -19 -2 -19 -2 -19 -2 -19 -1 -19 -1 0 0 -18 -1 -18 0 -17 1 -18 0 -17 1 -17 1 -16 2 -17 2 -17 2 -17 2 -17 2 -17 3 -16 4 -16 4 -16 4 -16 4 -16 5 -16 5 -16 5 -15 6 -15 6 -15 7 -15 7 -15 7 -15 6 -15 7 0 0 0 0 0 0 0 0 0 0 ]
CSI_DATA,AP,A4:CF:12:24:A1:20,-54,11,1,7,1,1,1,1,0,0,1,-95,1,6,1,5489723,0,122,0,0,5.64336,384,[122 32 7 0 0 0 0 0 0 0 0 0 8 23 7 23 7 24 6 24 5 24 5 23 4 23 3 23 3 23 2 23 2 22 1 21 2 21 1 21 1 21 1 21 1 20 1 20 1 19 1 19 1 19 1 18 2 18 2 18 2 17 2 17 0 0 2 16 3 17 3 16 3 16 3 15 4 15 4 15 5 15 5 14 5 15 6 14 6 14 6 14 6 14 7 13 7 13 7 14 8 13 8 13 8 13 8 13 8 12 9 12 9 12 9 12 9 12 0 0 0 0 0 0 0 0 0 0 ]
CSI_DATA,AP,A4:CF:12:24:A1:20,-54,11,1,7,1,1,1,1,0,0,1,-95,1,6,1,5590704,0,122,0,0,5.74432,384,[122 32 7 0 0 0 0 0 0 0 0 0 -8 23 -9 22 -10 22 -11 21 -11 22 -12 20 -12 19 -12 19 -12 19 -13 19 -12 18 -13 17 -12 17 -13 17 -13 17 -13 16 -12 16 -12 16 -12 15 -12 15 -12 15 -11 14 -11 14 -11 14 -10 14 -10 14 0 0 -10 13 -9 14 -9 14 -8 14 -8 14 -7 14 -7 14 -7 14 -7 14 -7 14 -6 14 -6 15 -5 15 -5 15 -5 14 -4 14 -4 15 -4 14 -4 15 -3 14 -3 15 -3 15 -2 15 -2 15 -2 15 -2 14 0 0 0 0 0 0 0 0 0 0 ]
CSI_DATA,AP,A4:CF:12:24:A1:20,-54,11,1,7,1,1,1,1,0,0,1,-95,1,6,1,5691789,0,122,0,0,5.84546,384,[122 32 7 0 0 0 0 0 0 0 0 0 -21 -15 -20 -16 -19 -16 -19 -16 -18 -17 -18 -17 -17 -17 -16 -17 -15 -17 -15 -17 -15 -17 -14 -17 -14 -17 -14 -17 -14 -17 -13 -17 -13 -16 -13 -16 -12 -16 -13 -15 -12 -15 -12 -15 -13 -15 -12 -14 -11 -14 -12 -13 0 0 -12 -13 -12 -12 -12 -12 -12 -12 -12 -11 -12 -11 -12 -10 -13 -10 -13 -10 -14 -10 -13 -9 -13 -9 -13 -9 -14 -9 -14 -8 -14 -8 -14 -7 -15 -8 -15 -7 -15 -7 -15 -7 -15 -7 -15 -6 -15 -6 -15 -6 -15 -5 0 0 0 0 0 0 0 0 0 0 ]
CSI_DATA,AP,A4:CF:12:24:A1:20,-54,11,1,7,1,1,1,1,0,0,1,-95,1,6,1,5792693,0,122,0,0,5.94628,384,[122 32 7 0 0 0 0 0 0 0 0 0 3 -25 3 -25 4 -24 5 -25 6 -25 7 -24 7 -23 7 -22 8 -22 8 -22 7 -22 8 -21 8 -20 8 -21 8 -20 8 -19 8 -19 8 -18 8 -19 8 -18 8 -18 7 -18 7 -17 6 -17 6 -17 6 -17 0 0 5 -16 5 -17 5 -17 4 -16 4 -17 4 -17 3 -16 3 -17 3 -15 2 -16 1 -16 1 -16 1 -16 1 -16 0 -16 0 -16 0 -16 -1 -17 -1 -16 -1 -16 -1 -16 -1 -17 -2 -17 -2 -16 -3 -16 -2 -16 0 0 0 0 0 0 0 0 0 0 ]
CSI_DATA,AP,A4:CF:12:24:A1:20,-54,11,1,7,1,1,1,1,0,0,1,-95,1,6,1,5893817,0,122,0,0,6.0475,384,[122 32 7 0 0 0 0 0 0 0 0 0 19 15 19 16 18 16 18 16 17 17 16 17 16 17 15 17 15 17 14 18 13 18 12 18 12 17 12 18 12 17 11 17 11 16 11 16 11 16 11 15 11 15 11 14 11 15 10 14 9 14 10 14 0 0 10 13 10 13 10 12 11 12 11 11 11 11 11 10 11 10 12 10 12 10 12 10 11 10 12 10 12 9 13 8 13 8 12 8 13 8 13 7 14 7 13 7 13 7 13 7 13 7 13 7 13 6 0 0 0 0 0 0 0 0 0 0 ]
CSI_DATA,AP,A4:CF:12:24:A1:20,-54,11,1,7,1,1,1,1,0,0,1,-95,1,6,1,5994709,0,122,0,0,6.14837,384,[122 32 7 0 0 0 0 0 0 0 0 0 22 11 21 12 20 13 20 13 20 13 19 14 18 14 17 14 17 15 17 15 16 14 15 15 15 15 15 15 15 14 15 15 14 14 14 14 14 13 13 13 13 13 13 12 13 12 13 11 13 12 13 11 0 0 13 11 13 10 12 10 13 10 12 8 13 9 12 8 13 8 13 8 14 8 13 7 13 7 14 7 14 6 14 6 14 6 14 5 14 5 14 5 15 4 15 4 14 4 15 4 14 3 15 3 15 3 0 0 0 0 0 0 0 0 0 0 ]
CSI_DATA,AP,A4:CF:12:24:A1:20,-54,11,1,7,1,1,1,1,0,0,1,-95,1,6,1,6095761,0,122,0,0,6.24941,384,[122 32 7 0 0 0 0 0 0 0 0 0 -25 -2 -25 -3 -25 -3 -25 -4 -24 -5 -24 -6 -23 -6 -23 -7 -23 -7 -22 -7 -22 -7 -21 -8 -21 -8 -20 -8 -20 -8 -20 -8 -20 -8 -19 -7 -19 -7 -19 -7 -18 -7 -18 -7 -18 -7 -17 -6 -17 -6 -17 -6 0 0 -16 -5 -16 -5 -16 -4 -16 -4 -16 -4 -16 -4 -16 -3 -16 -3 -16 -3 -16 -2 -16 -2 -16 -2 -16 -1 -16 0 -16 -1 -16 0 -16 0 -16 0 -16 0 -16 0 -16 1 -16 1 -16 1 -15 2 -15 2 -16 2 0 0 0 0 0 0 0 0 0 0 ]
CSI_DATA,AP,A4:CF:12:24:A1:20,-54,11,1,7,1,1,1,1,0,0,1,-95,1,6,1,6196644,0,122,0,0,6.35031,384,[122 32 7 0 0 0 0 0 0 0 0 0 -21 20 -21 18 -21 18 -21 17 -22 17 -22 16 -22 15 -22 14 -22 14 -22 13 -22 12 -22 11 -21 12 -21 11 -21 11 -21 11 -21 10 -20 10 -20 10 -19 10 -19 10 -18 10 -19 10 -18 9 -18 10 -17 10 0 0 -16 10 -16 11 -15 11 -15 10 -15 11 -14 11 -14 11 -14 11 -13 11 -13 12 -12 12 -13 12 -12 13 -12 13 -12 13 -12 13 -11 14 -11 13 -11 14 -10 13 -10 14 -10 15 -10 15 -9 15 -9 14 -9 14 0 0 0 0 0 0 0 0 0 0 ]
CSI_DATA,AP,A4:CF:12:24:A1:20,-54,11,1,7,1,1,1,1,0,0,1,-95,1,6,1,6297719,0,122,0,0,6.45133,384,[122 32 7 0 0 0 0 0 0 0 0 0 21 -13 21 -12 21 -12 21 -11 22 -11 21 -10 21 -9 21 -8 21 -8 21 -8 21 -6 21 -6 20 -6 20 -6 20 -6 20 -5 19 -5 19 -5 19 -5 19 -6 18 -6 17 -6 17 -5 17 -5 17 -5 16 -5 0 0 15 -6 16 -6 15 -6 15 -6 14 -7 14 -8 14 -8 14 -8 13 -7 13 -8 13 -8 13 -8 13 -9 12 -9 13 -9 13 -9 12 -10 12 -10 12 -10 12 -10 11 -10 11 -11 11 -11 11 -12 11 -11 11 -11 0 0 0 0 0 0 0 0 0 0 ]
CSI_DATA,AP,A4:CF:12:24:A1:20,-54,11,1,7,1,1,1,1,0,0,1,-95,1,6,1,6398773,0,122,0,0,6.55243,384,[122 32 7 0 0 0 0 0 0 0 0 0 21 -13 21 -12 22 -11 22 -11 22 -11 22 -10 22 -9 22 -9 22 -7 21 -8 21 -7 21 -7 20 -6 21 -6 20 -6 20 -5 20 -5 19 -5 19 -6 19 -5 18 -6 18 -6 17 -5 17 -6 17 -6 16 -6 0 0 16 -6 16 -6 15 -7 15 -6 15 -7 14 -8 14 -8 14 -8 13 -7 13 -9 13 -8 13 -9 13 -9 12 -10 13 -9 12 -10 11 -11 12 -11 11 -11 11 -11 11 -11 11 -11 11 -12 10 -12 10 -12 10 -11 0 0 0 0 0 0 0 0 0 0 ]
CSI_DATA,AP,A4:CF:12:24:A1:20,-54,11,1,7,1,1,1,1,0,0,1,-95,1,6,1,6499738,0,122,0,0,6.65339,384,[122 32 7 0 0 0 0 0 0 0 0 0 17 17 16 17 16 18 15 18 15 19 14 18 13 18 13 19 12 19 12 19 12 18 11 18 11 18 11 17 10 17 10 18 9 17 10 17 10 16 10 16 10 15 10 15 10 15 9 14 10 14 10 13 0 0 10 13 10 13 10 12 10 13 10 11 11 11 10 10 11 10 11 10 12 10 12 9 11 9 12 9 12 8 13 9 12 8 13 8 13 7 13 7 13 7 13 7 13 6 14 6 13 5 14 5 14 5 0 0 0 0 0 0 0 0 0 0 ]
CSI_DATA,AP,A4:CF:12:24:A1:20,-54,11,1,7,1,1,1,1,0,0,1,-95,1,6,1,6600728,0,122,0,0,6.75443,384,[122 32 7 0 0 0 0 0 0 0 0 0 12 -22 13 -21 13 -21 13 -21 14 -21 14 -19 14 -18 15 -18 15 -17 15 -18 15 -17 15 -16 15 -16 15 -16 15 -16 14 -15 14 -14 14 -14 14 -15 13 -15 13 -14 13 -14 12 -14 12 -14 12 -14 11 -14 0 0 10 -14 10 -14 10 -14 9 -13 9 -14 9 -14 8 -14 8 -15 8 -14 7 -14 7 -14 6 -15 6 -15 6 -15 6 -14 6 -15 5 -16 5 -15 4 -15 4 -15 4 -15 4 -16 3 -16 3 -16 3 -16 2 -15 0 0 0 0 0 0 0 0 0 0 ]
CSI_DATA,AP,A4:CF:12:24:A1:20,-54,11,1,7,1,1,1,1,0,0,1,-95,1,6,1,6701707,0,122,0,0,6.85536,384,[122 32 7 0 0 0 0 0 0 0 0 0 -6 -26 -5 -26 -4 -26 -4 -26 -3 -27 -2 -26 -1 -25 -1 -25 0 -25 0 -25 0 -25 0 -24 0 -23 1 -24 1 -24 2 -23 2 -22 2 -22 1 -22 2 -21 1 -22 1 -21 1 -21 0 -20 0 -20 0 -19 0 0 0 -19 0 -19 0 -19 -1 -18 -1 -18 -2 -18 -2 -18 -2 -18 -3 -17 -3 -17 -4 -17 -4 -17 -4 -18 -4 -18 -4 -17 -5 -17 -5 -17 -6 -17 -6 -17 -6 -17 -6 -17 -5 -17 -6 -17 -7 -16 -7 -16 -7 -16 0 0 0 0 0 0 0 0 0 0 ]
CSI_DATA,AP,A4:CF:12:24:A1:20,-54,11,1,7,1,1,1,1,0,0,1,-95,1,6,1,6802701,0,122,0,0,6.95632,384,[122 32 7 0 0 0 0 0 0 0 0 0 15 18 14 19 13 20 13 19 12 20 11 19 11 19 10 19 9 20 9 20 9 20 8 19 8 19 7 19 7 18 7 19 7 18 7 18 7 18 7 17 6 16 6 16 7 17 7 15 6 15 7 15 0 0 7 14 7 14 7 14 8 14 8 13 8 13 8 12 8 12 8 12 9 12 9 12 9 12 9 11 9 11 10 11 10 11 10 11 11 10 11 10 11 10 11 10 11 9 11 10 11 9 12 9 12 8 0 0 0 0 0 0 0 0 0 0 ]
CSI_DATA,AP,A4:CF:12:24:A1:20,-54,11,1,7,1,1,1,1,0,0,1,-95,1,6,1,6903695,0,122,0,0,7.0574,384,[122 32 7 0 0 0 0 0 0 0 0 0 22 -15 23 -15 22 -14 23 -13 23 -12 23 -11 23 -11 23 -10 23 -9 23 -10 22 -9 22 -8 22 -8 22 -8 22 -8 21 -7 20 -7 21 -7 20 -8 20 -7 19 -7 19 -8 19 -7 18 -7 18 -7 17 -8 0 0 17 -8 16 -8 16 -9 15 -8 15 -9 15 -9 14 -10 14 -10 14 -9 13 -10 13 -10 13 -11 13 -12 13 -12 13 -12 13 -12 12 -13 12 -12 12 -12 11 -13 11 -13 11 -14 11 -13 10 -14 10 -14 10 -14 0 0 0 0 0 0 0 0 0 0 ]
CSI_DATA,AP,A4:CF:12:24:A1:20,-54,11,1,7,1,1,1,1,0,0,1,-95,1,6,1,7004745,0,122,0,0,7.1584,384,[122 32 7 0 0 0 0 0 0 0 0 0 -15 21 -16 21 -16 20 -17 20 -17 20 -18 18 -18 17 -18 16 -18 16 -18 16 -17 16 -18 15 -18 15 -18 15 -18 15 -18 14 -18 14 -17 13 -17 13 -16 13 -16 13 -16 13 -15 12 -15 13 -15 13 -14 13 0 0 -14 12 -13 13 -12 13 -12 13 -12 13 -12 13 -11 14 -11 14 -11 13 -10 14 -9 14 -9 15 -9 15 -9 15 -9 15 -8 15 -7 15 -7 15 -7 15 -7 15 -7 15 -7 16 -6 16 -6 16 -5 15 -6 15 0 0 0 0 0 0 0 0 0 0 ]
CSI_DATA,AP,A4:CF:12:24:A1:20,-54,11,1,7,1,1,1,1,0,0,1,-95,1,6,1,7105731,0,122,0,0,7.25937,384,[122 32 7 0 0 0 0 0 0 0 0 0 25 -5 25 -4 25 -2 25 -2 25 -2 25 -1 24 0 24 1 24 1 24 1 23 2 23 2 22 2 22 2 22 3 21 3 22 3 21 3 20 3 20 3 19 3 19 2 20 2 19 1 19 1 18 1 0 0 18 1 17 0 17 0 17 0 17 0 17 -1 16 -1 17 -1 17 -1 17 -2 16 -2 17 -3 16 -3 16 -3 16 -4 17 -4 16 -5 16 -4 16 -5 16 -4 16 -5 16 -6 16 -6 15 -6 16 -6 15 -6 0 0 0 0 0 0 0 0 0 0 ]
CSI_DATA,AP,A4:CF:12:24:A1:20,-54,11,1,7,1,1,1,1,0,0,1,-95,1,6,1,7206751,0,122,0,0,7.36039,384,[122 32 7 0 0 0 0 0 0 0 0 0 23 1 22 1 23 2 22 2 22 3 21 4 21 4 21 5 21 5 20 5 20 6 19 7 19 7 19 7 18 6 18 6 18 7 18 6 17 6 17 6 17 5 16 5 17 6 16 5 15 5 16 5 0 0 15 4 15 3 15 3 16 3 15 2 15 2 15 2 15 1 15 1 15 1 15 1 14 1 15 0 14 -1 15 0 15 -1 14 -1 15 -1 15 -2 15 -2 15 -2 14 -3 15 -3 15 -3 15 -2 15 -3 0 0 0 0 0 0 0 0 0 0 ]
CSI_DATA,AP,A4:CF:12:24:A1:20,-54,11,1,7,1,1,1,1,0,0,1,-95,1,6,1,7307677,0,122,0,0,7.46131,384,[122 32 7 0 0 0 0 0 0 0 0 0 -25 12 -25 11 -25 10 -25 10 -25 9 -25 7 -25 6 -25 6 -25 6 -25 6 -24 5 -24 4 -23 4 -24 4 -23 4 -23 3 -22 3 -23 3 -22 3 -22 3 -21 3 -20 3 -20 3 -20 3 -20 4 -19 3 0 0 -19 3 -19 4 -17 4 -18 4 -18 5 -17 5 -17 5 -17 6 -17 5 -17 6 -16 6 -16 7 -16 7 -16 8 -16 7 -16 8 -15 8 -15 8 -16 8 -16 8 -15 9 -15 10 -15 10 -15 10 -14 10 -14 9 0 0 0 0 0 0 0 0 0 0 ]
CSI_DATA,AP,A4:CF:12:24:A1:20,-54,11,1,7,1,1,1,1,0,0,1,-95,1,6,1,7408814,0,122,0,0,7.56246,384,[122 32 7 0 0 0 0 0 0 0 0 0 17 -17 17 -16 17 -16 18 -15 19 -15 19 -14 18 -13 19 -13 18 -12 19 -12 18 -11 19 -10 18 -11 18 -10 18 -10 18 -9 17 -10 17 -9 17 -10 17 -10 16 -9 16 -9 16 -9 15 -9 15 -9 15 -9 0 0 14 -9 13 -10 13 -10 13 -10 12 -10 12 -11 12 -11 12 -11 11 -10 11 -11 10 -11 10 -12 10 -12 10 -12 10 -12 9 -12 9 -13 9 -13 9 -13 8 -13 8 -13 8 -14 8 -14 8 -14 7 -14 7 -13 0 0 0 0 0 0 0 0 0 0 ]
CSI_DATA,AP,A4:CF:12:24:A1:20,-54,11,1,7,1,1,1,1,0,0,1,-95,1,6,1,7509706,0,122,0,0,7.66345,384,[122 32 7 0 0 0 0 0 0 0 0 0 -27 -3 -26 -4 -27 -5 -26 -5 -26 -6 -25 -7 -25 -7 -25 -8 -24 -7 -24 -8 -23 -9 -23 -9 -22 -9 -22 -9 -21 -9 -21 -8 -21 -9 -21 -8 -21 -8 -20 -8 -20 -8 -19 -7 -20 -8 -19 -7 -18 -7 -19 -6 0 0 -18 -6 -18 -5 -18 -4 -18 -5 -18 -3 -18 -3 -18 -3 -18 -2 -18 -3 -18 -2 -18 -2 -18 -1 -17 -1 -18 0 -18 0 -18 0 -18 1 -18 1 -18 1 -18 1 -18 2 -17 3 -18 2 -18 3 -17 3 -17 3 0 0 0 0 0 0 0 0 0 0 ]
CSI_DATA,AP,A4:CF:12:24:A1:20,-54,11,1,7,1,1,1,1,0,0,1,-95,1,6,1,7610688,0,122,0,0,7.76431,384,[122 32 7 0 0 0 0 0 0 0 0 0 -27 -5 -27 -6 -26 -6 -26 -7 -25 -8 -26 -9 -25 -9 -25 -10 -23 -9 -23 -10 -23 -10 -22 -10 -22 -10 -21 -11 -21 -10 -21 -10 -21 -10 -20 -10 -20 -10 -20 -9 -19 -9 -19 -9 -19 -9 -18 -9 -18 -8 -18 -8 0 0 -18 -7 -17 -7 -18 -6 -17 -6 -18 -5 -17 -5 -17 -4 -17 -4 -17 -4 -17 -4 -18 -4 -18 -3 -17 -2 -18 -2 -18 -2 -18 -2 -17 -1 -18 -1 -18 -1 -18 -1 -18 0 -17 1 -17 0 -18 1 -17 1 -18 1 0 0 0 0 0 0 0 0 0 0 ]
CSI_DATA,AP,A4:CF:12:24:A1:20,-54,11,1,7,1,1,1,1,0,0,1,-95,1,6,1,7711672,0,122,0,0,7.86529,384,[122 32 7 0 0 0 0 0 0 0 0 0 18 18 18 20 16 20 16 20 15 20 14 21 13 21 13 21 13 21 12 21 11 20 11 20 10 20 11 20 10 21 9 20 10 20 9 19 9 19 8 19 9 18 9 18 9 17 8 16 9 17 9 16 0 0 9 16 9 16 9 15 10 14 9 14 9 14 9 13 10 13 10 14 11 13 11 12 11 12 12 13 12 12 11 12 13 12 12 11 13 11 12 11 13 11 13 11 13 11 13 10 13 10 14 10 14 10 0 0 0 0 0 0 0 0 0 0 ]
CSI_DATA,AP,A4:CF:12:24:A1:20,-54,11,1,7,1,1,1,1,0,0,1,-95,1,6,1,7812708,0,122,0,0,7.96633,384,[122 32 7 0 0 0 0 0 0 0 0 0 -16 18 -17 17 -17 16 -18 16 -17 15 -18 14 -17 14 -18 14 -18 13 -18 12 -18 12 -18 11 -18 11 -18 11 -18 11 -17 10 -17 10 -17 10 -17 10 -16 10 -16 10 -16 10 -16 9 -15 9 -15 9 -14 9 0 0 -14 10 -14 10 -13 10 -12 9 -12 10 -12 10 -12 11 -12 11 -11 10 -11 11 -11 11 -10 11 -11 11 -10 12 -10 12 -10 12 -9 12 -9 12 -9 12 -9 12 -8 12 -8 13 -8 13 -8 13 -8 13 -7 13 0 0 0 0 0 0 0 0 0 0 ]
CSI_DATA,AP,A4:CF:12:24:A1:20,-54,11,1,7,1,1,1,1,0,0,1,-95,1,6,1,7913734,0,122,0,0,8.06741,384,[122 32 7 0 0 0 0 0 0 0 0 0 12 -21 13 -20 13 -20 14 -19 14 -19 15 -18 15 -17 15 -17 15 -16 15 -16 15 -16 15 -15 15 -15 15 -15 15 -15 14 -14 14 -14 14 -13 14 -14 14 -14 13 -13 13 -13 12 -13 11 -13 12 -13 11 -13 0 0 11 -13 10 -13 10 -13 9 -13 9 -13 9 -13 9 -13 8 -14 8 -13 8 -14 7 -14 7 -14 7 -15 7 -14 6 -14 6 -15 5 -15 5 -15 5 -15 5 -14 5 -15 4 -15 4 -16 4 -16 3 -15 3 -15 0 0 0 0 0 0 0 0 0 0 ]
CSI_DATA,AP,A4:CF:12:24:A1:20,-54,11,1,7,1,1,1,1,0,0,1,-95,1,6,1,8014646,0,122,0,0,8.16832,384,[122 32 7 0 0 0 0 0 0 0 0 0 -26 -10 -25 -11 -25 -12 -24 -13 -24 -14 -23 -14 -22 -14 -22 -15 -22 -15 -21 -15 -20 -15 -20 -16 -20 -15 -20 -15 -19 -15 -18 -15 -18 -15 -18 -15 -17 -15 -17 -14 -16 -14 -16 -14 -17 -13 -16 -13 -16 -13 -17 -12 0 0 -16 -12 -16 -11 -16 -10 -16 -11 -16 -10 -16 -9 -16 -9 -16 -9 -16 -9 -17 -8 -17 -8 -16 -7 -17 -7 -17 -7 -17 -6 -17 -6 -17 -6 -17 -6 -18 -5 -18 -6 -18 -5 -17 -4 -17 -5 -17 -4 -18 -3 -18 -4 0 0 0 0 0 0 0 0 0 0 ]
CSI_DATA,AP,A4:CF:12:24:A1:20,-54,11,1,7,1,1,1,1,0,0,1,-95,1,6,1,8115687,0,122,0,0,8.26929,384,[122 32 7 0 0 0 0 0 0 0 0 0 22 7 21 8 20 9 20 10 20 10 20 10 19 11 19 11 19 12 18 11 18 11 17 11 17 11 17 11 16 11 15 11 16 11 15 11 15 10 15 10 14 10 14 9 15 9 14 8 14 8 14 8 0 0 13 8 13 7 14 7 14 7 14 6 14 6 13 5 14 5 14 5 14 5 14 4 14 4 14 3 15 3 14 3 15 3 14 2 15 2 15 2 15 2 15 1 14 1 15 0 14 0 14 0 14 0 0 0 0 0 0 0 0 0 0 0 ]
CSI_DATA,AP,A4:CF:12:24:A1:20,-54,11,1,7,1,1,1,1,0,0,1,-95,1,6,1,8217798,0,122,0,0,8.37143,384,[122 32 7 0 0 0 0 0 0 0 0 0 -18 20 -18 18 -19 19 -19 18 -20 17 -20 16 -20 16 -20 15 -20 14 -21 14 -21 13 -20 12 -20 12 -20 12 -20 12 -20 11 -19 10 -19 10 -19 11 -19 11 -18 11 -17 11 -18 10 -17 10 -17 10 -16 10 0 0 -16 10 -15 11 -14 11 -15 10 -14 11 -14 11 -13 12 -13 12 -13 11 -13 12 -12 12 -12 12 -12 13 -11 13 -12 13 -11 13 -11 14 -11 13 -10 13 -10 13 -10 14 -9 15 -10 14 -9 15 -9 14 -9 14 0 0 0 0 0 0 0 0 0 0 ]
CSI_DATA,AP,A4:CF:12:24:A1:20,-54,11,1,7,1,1,1,1,0,0,1,-95,1,6,1,8317648,0,122,0,0,8.47128,384,[122 32 7 0 0 0 0 0 0 0 0 0 -24 12 -24 11 -24 10 -25 9 -24 9 -25 8 -24 7 -24 7 -24 6 -23 6 -24 5 -23 4 -23 5 -23 4 -23 4 -22 4 -22 3 -21 3 -22 3 -20 3 -21 4 -20 3 -20 3 -19 4 -19 4 -19 4 0 0 -18 4 -18 4 -17 5 -17 5 -17 6 -17 6 -16 6 -16 6 -16 6 -16 7 -16 7 -15 8 -15 8 -15 9 -15 8 -16 8 -14 9 -15 8 -15 9 -14 9 -14 10 -14 10 -14 10 -13 10 -13 10 -13 10 0 0 0 0 0 0 0 0 0 0 ]
CSI_DATA,AP,A4:CF:12:24:A1:20,-54,11,1,7,1,1,1,1,0,0,1,-95,1,6,1,8418706,0,122,0,0,8.57236,384,[122 32 7 0 0 0 0 0 0 0 0 0 2 26 1 26 0 26 -1 25 -1 25 -3 25 -3 24 -4 24 -4 24 -4 23 -4 23 -5 22 -5 22 -5 22 -5 22 -5 21 -5 20 -5 20 -5 21 -5 20 -5 20 -5 19 -4 19 -4 19 -4 18 -3 18 0 0 -3 17 -2 17 -2 17 -2 17 -1 17 -1 17 -1 17 -1 17 0 16 0 16 1 16 1 17 1 17 2 17 2 16 3 16 2 16 3 17 3 16 3 16 3 16 3 16 4 16 4 16 5 15 5 16 0 0 0 0 0 0 0 0 0 0 ]
CSI_DATA,AP,A4:CF:12:24:A1:20,-54,11,1,7,1,1,1,1,0,0,1,-95,1,6,1,8519669,0,122,0,0,8.67334,384,[122 32 7 0 0 0 0 0 0 0 0 0 -15 22 -15 21 -16 22 -15 20 -17 21 -17 19 -17 18 -18 18 -18 18 -19 18 -18 16 -19 15 -18 15 -18 15 -18 15 -18 15 -17 14 -17 15 -16 14 -17 14 -16 14 -16 14 -16 13 -15 13 -15 13 -14 13 0 0 -14 13 -14 14 -12 13 -13 13 -12 14 -12 14 -11 14 -11 14 -10 13 -11 15 -10 14 -10 15 -9 14 -9 15 -9 15 -8 15 -8 16 -8 15 -7 15 -7 16 -7 16 -7 16 -7 17 -6 16 -6 15 -6 16 0 0 0 0 0 0 0 0 0 0 ]
CSI_DATA,AP,A4:CF:12:24:A1:20,-54,11,1,7,1,1,1,1,0,0,1,-95,1,6,1,8620597,0,122,0,0,8.77424,384,[122 32 7 0 0 0 0 0 0 0 0 0 22 -15 22 -13 22 -13 22 -12 23 -12 22 -10 23 -10 23 -10 23 -9 23 -9 22 -8 22 -7 22 -7 22 -7 21 -7 21 -6 20 -6 20 -6 20 -7 20 -7 19 -7 19 -7 19 -6 18 -6 18 -7 17 -6 0 0 17 -7 17 -7 15 -8 16 -8 16 -8 15 -9 15 -9 15 -9 14 -8 14 -9 14 -9 14 -10 13 -10 13 -10 13 -11 13 -11 13 -12 13 -11 12 -12 12 -12 12 -12 12 -13 12 -13 11 -13 11 -13 11 -13 0 0 0 0 0 0 0 0 0 0 ]
CSI_DATA,AP,A4:CF:12:24:A1:20,-54,11,1,7,1,1,1,1,0,0,1,-95,1,6,1,8721707,0,122,0,0,8.87535,384,[122 32 7 0 0 0 0 0 0 0 0 0 -26 -9 -26 -9 -25 -10 -25 -11 -25 -11 -24 -12 -23 -12 -23 -13 -22 -13 -21 -13 -21 -13 -21 -13 -20 -13 -20 -13 -20 -13 -19 -13 -19 -13 -19 -12 -19 -12 -18 -12 -18 -12 -18 -11 -18 -11 -18 -11 -17 -10 -18 -10 0 0 -17 -9 -17 -8 -17 -8 -17 -8 -17 -7 -16 -7 -17 -6 -17 -7 -17 -6 -17 -6 -17 -5 -17 -5 -17 -4 -17 -4 -18 -3 -18 -4 -17 -3 -18 -3 -18 -2 -19 -3 -18 -2 -17 -1 -17 -1 -18 0 -18 -1 -18 0 0 0 0 0 0 0 0 0 0 0 ]
CSI_DATA,AP,A4:CF:12:24:A1:20,-54,11,1,7,1,1,1,1,0,0,1,-95,1,6,1,8822628,0,122,0,0,8.97622,384,[122 32 7 0 0 0 0 0 0 0 0 0 0 -28 1 -27 2 -27 2 -27 3 -27 3 -26 4 -25 5 -25 5 -25 6 -25 6 -24 6 -23 6 -23 7 -23 6 -23 6 -22 6 -21 6 -22 6 -21 6 -21 6 -21 6 -21 5 -20 5 -19 5 -19 4 -19 0 0 4 -18 4 -19 3 -18 2 -18 2 -18 2 -18 2 -18 1 -19 0 -18 0 -18 0 -18 0 -18 -1 -18 -1 -18 -1 -18 -1 -18 -2 -19 -2 -18 -3 -18 -3 -18 -3 -18 -3 -18 -3 -18 -4 -18 -4 -18 -4 -17 0 0 0 0 0 0 0 0 0 0 ]
CSI_DATA,AP,A4:CF:12:24:A1:20,-54,11,1,7,1,1,1,1,0,0,1,-95,1,6,1,8923772,0,122,0,0,9.07756,384,[122 32 7 0 0 0 0 0 0 0 0 0 -26 6 -26 5 -26 4 -26 4 -26 3 -26 2 -25 1 -25 1 -25 0 -25 0 -24 0 -24 -1 -23 -1 -23 -1 -23 -1 -23 -1 -23 -2 -22 -1 -22 -1 -21 -1 -21 -1 -20 0 -21 -1 -20 0 -20 0 -20 0 0 0 -18 1 -19 1 -18 2 -18 1 -18 2 -17 2 -17 3 -17 3 -17 3 -18 3 -17 4 -17 4 -17 5 -17 5 -17 6 -17 5 -16 7 -16 6 -17 7 -17 6 -16 7 -15 8 -16 8 -15 8 -16 8 -15 8 0 0 0 0 0 0 0 0 0 0 ]
CSI_DATA,AP,A4:CF:12:24:A1:20,-54,11,1,7,1,1,1,1,0,0,1,-95,1,6,1,9024671,0,122,0,0,9.17836,384,[122 32 7 0 0 0 0 0 0 0 0 0 -12 -20 -11 -21 -10 -21 -9 -21 -9 -21 -9 -21 -8 -20 -8 -21 -7 -21 -7 -21 -6 -21 -6 -20 -6 -20 -5 -20 -5 -20 -5 -19 -5 -19 -5 -19 -5 -19 -5 -18 -5 -18 -5 -18 -5 -17 -5 -17 -5 -17 -5 -16 0 0 -6 -16 -6 -16 -6 -16 -6 -15 -6 -15 -6 -15 -7 -14 -7 -15 -8 -14 -8 -14 -8 -14 -8 -13 -9 -13 -9 -13 -9 -13 -9 -12 -9 -13 -10 -13 -10 -12 -11 -12 -10 -12 -10 -12 -11 -12 -11 -11 -11 -11 -11 -11 0 0 0 0 0 0 0 0 0 0 ]
CSI_DATA,AP,A4:CF:12:24:A1:20,-54,11,1,7,1,1,1,1,0,0,1,-95,1,6,1,9125767,0,122,0,0,9.27937,384,[122 32 7 0 0 0 0 0 0 0 0 0 7 24 7 25 6 25 5 25 4 24 4 25 3 24 2 24 2 24 1 24 1 23 1 23 1 23 0 23 0 23 -1 21 -1 22 -1 21 -1 21 0 21 -1 21 0 20 0 19 0 19 0 18 0 18 0 0 1 18 1 18 2 18 2 17 2 17 2 17 2 16 3 17 3 16 3 16 4 16 4 16 4 16 5 17 5 15 6 16 5 15 6 16 6 16 7 16 7 15 7 16 7 15 7 16 7 15 7 15 0 0 0 0 0 0 0 0 0 0 ]
CSI_DATA,AP,A4:CF:12:24:A1:20,-54,11,1,7,1,1,1,1,0,0,1,-95,1,6,1,9227374,0,122,0,0,9.38099,384,[122 32 7 0 0 0 0 0 0 0 0 0 -4 -24 -2 -24 -2 -24 -1 -24 0 -24 0 -24 1 -23 1 -23 2 -23 2 -23 2 -22 2 -22 3 -21 2 -21 3 -21 3 -20 3 -20 3 -20 3 -20 3 -20 3 -19 3 -18 2 -18 2 -18 1 -18 1 -18 0 0 1 -17 0 -17 0 -17 0 -17 -1 -17 0 -17 -1 -16 -2 -16 -2 -15 -2 -16 -3 -16 -3 -16 -3 -16 -4 -16 -4 -15 -4 -16 -4 -16 -5 -16 -5 -15 -5 -15 -5 -15 -5 -15 -6 -15 -6 -15 -7 -14 -7 -14 0 0 0 0 0 0 0 0 0 0 ]
CSI_DATA,AP,A4:CF:12:24:A1:20,-54,11,1,7,1,1,1,1,0,0,1,-95,1,6,1,9328215,0,122,0,0,9.48187,384,[122 32 7 0 0 0 0 0 0 0 0 0 -25 -4 -25 -5 -23 -6 -24 -7 -23 -7 -23 -8 -22 -9 -22 -10 -22 -9 -21 -9 -21 -9 -21 -10 -21 -9 -20 -10 -20 -10 -19 -10 -20 -10 -19 -9 -19 -9 -18 -9 -17 -9 -17 -9 -17 -8 -17 -7 -17 -7 -17 -7 0 0 -17 -7 -16 -6 -16 -6 -16 -5 -16 -5 -16 -5 -16 -5 -16 -4 -16 -5 -17 -3 -17 -3 -16 -2 -16 -2 -17 -2 -17 -2 -17 -2 -16 -1 -17 -1 -17 -1 -17 -1 -17 0 -17 0 -16 0 -16 1 -16 1 -17 1 0 0 0 0 0 0 0 0 0 0 ]
CSI_DATA,AP,A4:CF:12:24:A1:20,-54,11,1,7,1,1,1,1,0,0,1,-95,1,6,1,9430568,0,122,0,0,9.5842,384,[122 32 7 0 0 0 0 0 0 0 0 0 20 -12 20 -11 20 -10 21 -9 21 -9 21 -8 21 -8 21 -7 21 -6 21 -7 20 -6 20 -5 20 -5 20 -5 19 -6 19 -4 19 -4 18 -4 18 -5 18 -5 17 -5 17 -4 17 -5 16 -5 16 -5 16 -5 0 0 15 -5 15 -5 15 -6 14 -6 14 -7 14 -7 14 -7 14 -7 13 -7 13 -8 12 -8 13 -8 13 -9 13 -9 12 -8 13 -9 12 -10 12 -9 12 -10 12 -10 12 -10 11 -10 11 -11 11 -11 10 -11 11 -11 0 0 0 0 0 0 0 0 0 0 ]
CSI_DATA,AP,A4:CF:12:24:A1:20,-54,11,1,7,1,1,1,1,0,0,1,-95,1,6,1,9529708,0,122,0,0,9.68332,384,[122 32 7 0 0 0 0 0 0 0 0 0 -15 -20 -13 -20 -12 -21 -12 -21 -12 -22 -11 -21 -10 -21 -9 -21 -9 -21 -8 -21 -9 -20 -8 -21 -8 -20 -7 -20 -7 -20 -7 -20 -7 -19 -7 -19 -6 -19 -6 -19 -6 -18 -6 -18 -7 -17 -6 -17 -7 -17 -7 -16 0 0 -6 -16 -7 -16 -7 -15 -8 -15 -7 -14 -7 -15 -7 -14 -8 -14 -8 -14 -9 -14 -9 -13 -9 -13 -10 -13 -9 -13 -10 -13 -11 -12 -10 -12 -11 -12 -11 -12 -11 -12 -11 -12 -11 -12 -11 -12 -12 -11 -12 -10 -12 -11 0 0 0 0 0 0 0 0 0 0 ]
CSI_DATA,AP,A4:CF:12:24:A1:20,-54,11,1,7,1,1,1,1,0,0,1,-95,1,6,1,9630774,0,122,0,0,9.78437,384,[122 32 7 0 0 0 0 0 0 0 0 0 -21 -13 -21 -13 -20 -14 -19 -15 -20 -15 -19 -15 -18 -15 -17 -16 -17 -16 -16 -16 -16 -16 -15 -16 -15 -16 -15 -16 -14 -16 -14 -16 -14 -15 -14 -15 -13 -15 -14 -15 -13 -14 -13 -14 -13 -14 -13 -13 -12 -13 -13 -13 0 0 -13 -12 -13 -12 -13 -11 -13 -11 -13 -10 -13 -10 -13 -9 -14 -9 -13 -9 -14 -9 -14 -9 -14 -9 -14 -8 -14 -8 -14 -8 -15 -7 -15 -7 -15 -7 -16 -7 -15 -6 -15 -6 -15 -5 -15 -6 -15 -5 -15 -6 -16 -5 0 0 0 0 0 0 0 0 0 0 ]
CSI_DATA,AP,A4:CF:12:24:A1:20,-54,11,1,7,1,1,1,1,0,0,1,-95,1,6,1,9731641,0,122,0,0,9.88524,384,[122 32 7 0 0 0 0 0 0 0 0 0 -25 1 -26 0 -24 0 -25 -1 -24 -1 -24 -2 -23 -3 -24 -4 -23 -4 -23 -3 -23 -4 -23 -4 -21 -4 -22 -4 -22 -4 -21 -5 -21 -5 -20 -5 -20 -4 -20 -4 -19 -4 -19 -4 -18 -4 -18 -3 -18 -3 -18 -3 0 0 -18 -2 -17 -2 -17 -1 -17 -1 -17 -1 -16 0 -16 0 -17 0 -16 0 -16 1 -16 1 -16 2 -16 2 -16 3 -16 2 -17 2 -16 3 -16 3 -16 4 -16 3 -16 4 -15 5 -15 5 -15 6 -15 5 -15 5 0 0 0 0 0 0 0 0 0 0 ]
CSI_DATA,AP,A4:CF:12:24:A1:20,-54,11,1,7,1,1,1,1,0,0,1,-95,1,6,1,9832648,0,122,0,0,9.9863,384,[122 32 7 0 0 0 0 0 0 0 0 0 10 -23 11 -22 11 -22 12 -22 12 -21 13 -20 12 -19 13 -19 13 -19 14 -18 13 -18 13 -17 13 -17 13 -17 13 -17 13 -15 13 -16 13 -15 13 -16 12 -15 12 -15 12 -15 11 -15 11 -15 11 -14 10 -14 0 0 10 -14 9 -14 9 -15 9 -14 8 -15 8 -15 8 -15 7 -15 6 -14 6 -15 6 -14 6 -15 6 -15 6 -15 5 -15 5 -15 4 -15 4 -15 4 -15 3 -15 4 -16 3 -16 3 -16 3 -16 2 -15 2 -16 0 0 0 0 0 0 0 0 0 0 ]
CSI_DATA,AP,A4:CF:12:24:A1:20,-54,11,1,7,1,1,1,1,0,0,1,-95,1,6,1,9933633,0,122,0,0,10.0873,384,[122 32 7 0 0 0 0 0 0 0 0 0 -14 -21 -13 -21 -12 -22 -12 -21 -12 -22 -11 -22 -10 -22 -9 -22 -9 -21 -8 -22 -8 -21 -7 -21 -7 -21 -7 -22 -7 -20 -6 -21 -7 -19 -7 -20 -6 -19 -6 -19 -6 -19 -6 -18 -7 -18 -6 -18 -6 -17 -7 -17 0 0 -7 -16 -7 -16 -7 -16 -8 -16 -7 -14 -8 -15 -8 -14 -9 -15 -9 -14 -9 -14 -9 -14 -9 -14 -10 -13 -10 -13 -10 -13 -11 -12 -10 -13 -11 -12 -11 -12 -12 -12 -12 -11 -11 -12 -12 -12 -12 -11 -12 -11 -13 -11 0 0 0 0 0 0 0 0 0 0 ]
CSI_DATA,AP,A4:CF:12:24:A1:20,-54,11,1,7,1,1,1,1,0,0,1,-95,1,6,1,10034630,0,122,0,0,10.1883,384,[122 32 7 0 0 0 0 0 0 0 0 0 -23 -10 -23 -11 -22 -10 -22 -11 -21 -12 -20 -12 -19 -12 -20 -13 -19 -13 -19 -13 -18 -14 -17 -14 -17 -13 -17 -13 -17 -13 -16 -13 -16 -13 -16 -13 -16 -12 -15 -12 -15 -11 -15 -11 -15 -11 -15 -11 -14 -10 -15 -10 0 0 -15 -9 -14 -9 -14 -9 -15 -9 -14 -7 -14 -7 -14 -7 -15 -7 -15 -7 -15 -6 -15 -6 -15 -6 -15 -5 -15 -5 -15 -4 -16 -4 -15 -4 -16 -4 -16 -3 -16 -3 -16 -3 -15 -2 -16 -3 -15 -2 -16 -2 -16 -2 0 0 0 0 0 0 0 0 0 0 ]
CSI_DATA,AP,A4:CF:12:24:A1:20,-54,11,1,7,1,1,1,1,0,0,1,-95,1,6,1,10135693,0,122,0,0,10.2894,384,[122 32 7 0 0 0 0 0 0 0 0 0 -27 -9 -26 -10 -25 -11 -25 -12 -24 -12 -23 -13 -23 -13 -23 -13 -22 -14 -22 -14 -21 -14 -21 -15 -20 -14 -20 -14 -19 -14 -19 -14 -19 -14 -19 -14 -18 -13 -18 -13 -18 -13 -17 -12 -18 -13 -17 -12 -16 -11 -17 -11 0 0 -16 -10 -16 -10 -16 -9 -17 -10 -16 -9 -16 -9 -16 -8 -17 -8 -17 -8 -17 -7 -17 -7 -17 -7 -17 -6 -17 -5 -18 -6 -18 -5 -18 -5 -18 -5 -18 -5 -18 -4 -18 -3 -17 -3 -18 -3 -18 -3 -18 -3 -18 -3 0 0 0 0 0 0 0 0 0 0 ]
CSI_DATA,AP,A4:CF:12:24:A1:20,-54,11,1,7,1,1,1,1,0,0,1,-95,1,6,1,10236584,0,122,0,0,10.3902,384,[122 32 7 0 0 0 0 0 0 0 0 0 -2 -28 -1 -28 1 -27 1 -27 2 -27 3 -26 3 -25 3 -26 4 -25 4 -25 4 -24 4 -24 5 -24 5 -24 5 -24 5 -22 6 -22 4 -21 5 -22 4 -21 4 -21 5 -20 3 -21 3 -20 3 -20 3 -20 0 0 2 -19 2 -19 2 -19 1 -18 1 -18 0 -18 0 -18 -1 -18 -1 -18 -2 -17 -2 -17 -2 -18 -3 -18 -3 -18 -3 -17 -3 -18 -4 -17 -4 -17 -5 -17 -5 -17 -5 -17 -5 -17 -6 -17 -6 -17 -6 -17 -7 -17 0 0 0 0 0 0 0 0 0 0 ]
CSI_DATA,AP,A4:CF:12:24:A1:20,-54,11,1,7,1,1,1,1,0,0,1,-95,1,6,1,10337631,0,122,0,0,10.4913,384,[122 32 7 0 0 0 0 0 0 0 0 0 -16 -23 -15 -23 -14 -23 -13 -23 -12 -24 -12 -23 -11 -24 -11 -24 -10 -23 -10 -24 -9 -23 -8 -23 -8 -23 -7 -23 -8 -22 -7 -21 -7 -21 -7 -21 -7 -21 -7 -21 -7 -20 -7 -19 -7 -20 -7 -19 -6 -19 -7 -18 0 0 -8 -17 -8 -17 -8 -17 -9 -17 -8 -16 -9 -16 -9 -15 -10 -16 -10 -14 -10 -15 -10 -15 -11 -14 -10 -14 -11 -14 -12 -13 -12 -14 -12 -14 -12 -14 -13 -13 -13 -13 -13 -12 -13 -12 -13 -12 -13 -12 -13 -12 -14 -11 0 0 0 0 0 0 0 0 0 0 ]
CSI_DATA,AP,A4:CF:12:24:A1:20,-54,11,1,7,1,1,1,1,0,0,1,-95,1,6,1,10438653,0,122,0,0,10.5923,384,[122 32 7 0 0 0 0 0 0 0 0 0 -22 10 -22 9 -22 8 -23 8 -23 8 -22 7 -22 6 -23 5 -22 5 -22 5 -22 5 -21 4 -21 4 -21 4 -21 4 -20 3 -20 3 -20 3 -20 3 -19 4 -19 3 -18 3 -18 3 -18 4 -17 4 -17 4 0 0 -17 4 -16 5 -16 5 -15 5 -15 6 -15 5 -15 6 -15 6 -15 6 -15 7 -14 7 -14 8 -13 8 -14 8 -13 8 -14 8 -13 9 -13 9 -13 9 -13 9 -12 9 -12 10 -12 10 -12 11 -11 10 -11 10 0 0 0 0 0 0 0 0 0 0 ]
CSI_DATA,AP,A4:CF:12:24:A1:20,-54,11,1,7,1,1,1,1,0,0,1,-95,1,6,1,10539653,0,122,0,0,10.6933,384,[122 32 7 0 0 0 0 0 0 0 0 0 7 25 6 26 5 25 5 26 4 25 3 25 2 24 2 24 1 24 1 24 1 24 1 23 0 23 0 23 0 23 0 22 0 22 0 21 0 21 0 21 0 20 0 20 1 20 1 19 1 19 2 19 0 0 2 18 2 18 2 18 3 17 3 17 3 17 4 17 4 17 4 16 5 16 6 16 5 16 6 16 7 16 7 15 7 15 7 15 8 15 8 14 8 14 9 14 8 14 9 14 9 14 10 13 10 13 0 0 0 0 0 0 0 0 0 0 ]
CSI_DATA,AP,A4:CF:12:24:A1:20,-54,11,1,7,1,1,1,1,0,0,1,-95,1,6,1,10640605,0,122,0,0,10.7942,384,[122 32 7 0 0 0 0 0 0 0 0 0 24 2 23 3 23 4 22 4 22 5 22 6 21 6 21 6 20 7 20 6 20 6 20 7 19 6 19 6 18 7 18 8 18 7 17 8 17 6 17 7 17 6 16 6 17 6 16 5 16 5 16 5 0 0 15 5 16 4 15 4 15 4 15 3 15 3 15 2 15 2 15 3 15 2 15 1 15 0 15 0 15 0 15 0 15 0 14 -1 15 -1 15 -1 15 -1 15 -1 15 -2 15 -3 15 -3 14 -3 15 -3 0 0 0 0 0 0 0 0 0 0 ]
CSI_DATA,AP,A4:CF:12:24:A1:20,-54,11,1,7,1,1,1,1,0,0,1,-95,1,6,1,10741704,0,122,0,0,10.8953,384,[122 32 7 0 0 0 0 0 0 0 0 0 -26 8 -27 6 -26 6 -27 5 -26 4 -26 3 -26 2 -26 1 -25 1 -26 1 -25 0 -24 -1 -24 0 -24 0 -24 0 -23 -1 -23 -1 -22 -1 -22 -1 -22 -1 -21 -1 -21 0 -20 -1 -21 0 -20 0 -20 0 0 0 -19 0 -19 1 -19 2 -18 1 -18 2 -18 2 -18 2 -18 3 -18 2 -18 3 -17 4 -17 4 -17 5 -17 5 -17 5 -17 5 -16 6 -17 5 -17 6 -17 6 -16 6 -16 7 -16 7 -16 8 -15 7 -16 7 0 0 0 0 0 0 0 0 0 0 ]
CSI_DATA,AP,A4:CF:12:24:A1:20,-54,11,1,7,1,1,1,1,0,0,1,-95,1,6,1,10842596,0,122,0,0,10.9962,384,[122 32 7 0 0 0 0 0 0 0 0 0 10 25 9 24 8 25 7 25 6 26 6 24 5 24 4 24 4 24 3 25 4 23 3 23 3 23 2 23 2 23 2 22 2 21 2 22 1 21 2 20 1 21 2 20 2 20 2 19 2 19 3 18 0 0 3 18 4 18 4 17 4 18 4 17 5 17 5 17 5 16 6 16 6 16 6 16 7 16 7 16 7 15 8 15 8 14 8 15 9 14 9 14 10 14 9 14 10 14 10 14 10 13 11 13 10 13 0 0 0 0 0 0 0 0 0 0 ]
CSI_DATA,AP,A4:CF:12:24:A1:20,-54,11,1,7,1,1,1,1,0,0,1,-95,1,6,1,10943744,0,122,0,0,11.0974,384,[122 32 7 0 0 0 0 0 0 0 0 0 9 22 9 22 7 22 7 23 6 22 5 22 5 22 4 22 4 22 3 22 3 22 3 21 2 21 2 21 2 21 2 20 2 20 2 19 1 20 1 19 1 19 2 18 2 18 2 17 2 17 2 17 0 0 2 16 3 16 3 16 4 15 4 16 4 15 4 15 4 15 5 14 5 14 5 14 6 15 6 14 6 14 6 14 7 14 7 14 7 13 7 13 8 13 8 13 8 13 8 13 8 13 8 12 9 12 0 0 0 0 0 0 0 0 0 0 ]
CSI_DATA,AP,A4:CF:12:24:A1:20,-54,11,1,7,1,1,1,1,0,0,1,-95,1,6,1,11044662,0,122,0,0,11.1983,384,[122 32 7 0 0 0 0 0 0 0 0 0 9 -23 10 -22 11 -22 11 -21 12 -22 12 -20 13 -20 13 -19 13 -19 14 -19 13 -18 13 -17 13 -18 13 -17 13 -16 13 -16 12 -16 12 -16 12 -16 12 -16 12 -15 11 -16 11 -15 10 -15 10 -15 10 -14 0 0 9 -15 9 -15 8 -15 8 -15 7 -15 7 -15 7 -15 6 -15 6 -14 5 -15 5 -15 5 -16 4 -16 4 -16 4 -16 4 -16 3 -16 3 -16 3 -16 2 -16 2 -16 2 -17 2 -17 1 -17 1 -16 1 -16 0 0 0 0 0 0 0 0 0 0 ]
CSI_DATA,AP,A4:CF:12:24:A1:20,-54,11,1,7,1,1,1,1,0,0,1,-95,1,6,1,11145723,0,122,0,0,11.2993,384,[122 32 7 0 0 0 0 0 0 0 0 0 24 -2 24 -1 24 -1 23 0 24 0 23 1 23 2 23 2 22 3 22 3 22 3 21 4 21 3 21 3 20 3 20 4 19 4 19 3 19 3 19 3 18 3 18 3 18 3 17 2 17 2 17 2 0 0 16 1 16 1 16 0 16 0 16 -1 16 -1 16 -1 15 -2 15 -1 16 -2 15 -2 15 -3 15 -3 15 -3 15 -4 15 -4 15 -5 15 -5 15 -5 15 -5 15 -5 14 -6 14 -6 14 -7 14 -7 14 -6 0 0 0 0 0 0 0 0 0 0 ]
CSI_DATA,AP,A4:CF:12:24:A1:20,-53,11,1,7,1,1,1,1,0,0,1,-95,1,6,1,11246706,0,122,0,0,11.4003,384,[122 32 7 0 0 0 0 0 0 0 0 0 11 23 10 22 9 23 8 22 8 23 7 23 6 22 6 23 6 22 5 23 4 22 4 22 3 21 3 21 3 21 2 21 2 20 3 20 2 20 3 19 3 19 3 19 3 18 2 18 2 18 3 17 0 0 3 16 3 17 4 16 4 16 4 15 4 15 5 15 5 15 5 15 6 15 6 14 6 15 6 15 7 14 7 14 7 13 7 14 8 13 8 13 9 13 9 13 8 13 9 13 9 13 9 12 9 12 0 0 0 0 0 0 0 0 0 0 ]
CSI_DATA,AP,A4:CF:12:24:A1:20,-44,11,0,0,0,0,0,0,0,0,0,-95,0,6,1,11289543,0,30,0,0,11.4432,128,[30 -32 1 0 0 0 0 0 0 0 0 0 -22 18 -23 17 -24 16 -24 15 -24 14 -25 13 -24 12 -24 11 -24 10 -23 10 -24 10 -23 10 -22 10 -22 10 -21 9 -22 9 -21 9 -21 9 -20 10 -20 10 -20 10 -19 11 -19 11 -19 12 -19 12 -19 12 0 0 -19 11 -18 12 -18 12 -17 12 -17 12 -16 12 -16 12 -15 12 -15 12 -14 12 -14 13 -14 13 -13 14 -13 14 -13 14 -13 14 -13 14 -13 14 -13 15 -13 14 -13 14 -13 14 -13 14 -14 14 -13 13 -14 13 0 0 0 0 0 0 0 0 0 0 ]
CSI_DATA,AP,A4:CF:12:24:A1:20,-54,11,1,7,1,1,1,0,0,0,1,-95,0,6,1,11334448,0,157,0,0,11.4886,384,[-99 -48 9 0 0 0 0 0 0 0 0 0 -19 16 -19 15 -20 15 -19 14 -21 14 -20 12 -20 12 -21 10 -21 11 -21 11 -20 10 -20 9 -20 9 -20 10 -20 9 -20 9 -18 8 -19 8 -18 8 -18 8 -18 8 -18 8 -18 8 -16 7 -16 8 -16 8 0 0 -16 8 -16 9 -14 8 -15 8 -14 9 -14 9 -13 9 -13 10 -13 9 -13 10 -12 10 -12 10 -12 11 -12 11 -12 11 -11 11 -11 12 -11 11 -11 11 -11 12 -11 12 -10 13 -11 13 -9 13 -9 13 -9 12 0 0 0 0 0 0 0 0 0 0 ]
CSI_DATA,AP,A4:CF:12:24:A1:20,-53,11,1,7,1,1,1,0,0,0,1,-95,0,6,1,11356536,0,135,0,0,11.5103,384,[-121 112 8 0 0 0 0 0 0 0 0 0 -11 22 -11 22 -12 21 -12 21 -13 21 -13 20 -14 19 -14 18 -15 18 -14 18 -14 17 -14 17 -14 17 -14 17 -15 16 -14 15 -14 15 -14 15 -14 15 -14 15 -14 14 -13 14 -13 14 -12 14 -12 14 -12 14 0 0 -11 13 -11 14 -11 14 -10 13 -9 14 -9 14 -9 14 -9 14 -8 13 -8 14 -7 14 -7 15 -7 15 -7 15 -7 14 -6 15 -5 15 -5 15 -6 15 -5 15 -5 15 -5 16 -5 15 -4 16 -4 15 -3 15 0 0 0 0 0 0 0 0 0 0 ]
CSI_DATA,AP,A4:CF:12:24:A1:20,-53,11,1,7,1,1,1,0,0,0,1,-95,0,6,1,11364680,0,390,0,0,11.5184,384,[-122 -31 23 0 0 0 0 0 0 0 0 0 14 20 14 20 13 20 12 20 12 21 11 21 11 21 11 21 10 21 9 20 8 20 8 20 8 20 8 20 7 19 8 20 7 19 7 18 7 18 7 18 7 17 7 17 7 17 7 16 7 16 8 16 0 0 8 15 8 15 8 14 8 14 9 13 9 13 9 13 9 13 10 12 10 13 10 12 10 12 10 12 11 11 11 11 12 11 11 10 12 10 12 10 12 10 13 9 12 9 12 9 13 9 13 8 13 9 0 0 0 0 0 0 0 0 0 0 ]
CSI_DATA,AP,A4:CF:12:24:A1:20,-54,11,1,7,1,1,1,0,0,0,1,-95,0,6,1,11382814,0,390,0,0,11.5367,384,[-122 -31 23 0 0 0 0 0 0 0 0 0 -18 -17 -17 -17 -16 -18 -16 -18 -15 -19 -14 -19 -13 -19 -13 -20 -12 -19 -12 -20 -12 -19 -11 -19 -11 -19 -10 -19 -10 -18 -10 -19 -10 -18 -10 -18 -9 -18 -9 -18 -9 -17 -9 -16 -9 -17 -9 -16 -9 -16 -10 -15 0 0 -9 -15 -9 -15 -9 -14 -10 -14 -9 -13 -10 -14 -10 -13 -11 -13 -10 -13 -11 -13 -11 -12 -11 -12 -11 -11 -12 -11 -12 -11 -12 -11 -12 -11 -13 -11 -13 -11 -13 -11 -13 -10 -12 -10 -13 -10 -13 -10 -13 -9 -14 -9 0 0 0 0 0 0 0 0 0 0 ]
CSI_DATA,AP,A4:CF:12:24:A1:20,-54,11,1,7,1,1,1,0,0,0,1,-95,0,6,1,11401433,0,82,0,0,11.555,384,[82 -96 4 0 0 0 0 0 0 0 0 0 22 -13 23 -12 23 -11 23 -11 24 -10 23 -9 23 -9 24 -8 23 -8 23 -8 22 -7 22 -6 22 -6 22 -6 21 -6 21 -6 21 -5 21 -5 20 -6 20 -6 20 -6 19 -6 19 -5 18 -6 18 -6 18 -6 0 0 16 -7 17 -8 15 -7 16 -7 15 -8 16 -9 15 -9 14 -9 14 -9 14 -10 14 -9 13 -10 13 -10 13 -11 13 -11 13 -11 12 -12 12 -12 12 -12 12 -12 12 -12 11 -13 12 -13 11 -14 11 -13 10 -13 0 0 0 0 0 0 0 0 0 0 ]
CSI_DATA,AP,A4:CF:12:24:A1:20,-54,11,1,7,1,1,1,0,0,0,1,-95,0,6,1,11815534,0,82,0,0,11.9692,384,[82 -96 4 0 0 0 0 0 0 0 0 0 18 -22 17 -20 19 -20 17 -19 19 -20 19 -18 19 -17 19 -17 19 -17 20 -16 20 -15 20 -14 19 -14 20 -14 19 -14 19 -13 17 -13 18 -13 17 -13 17 -14 17 -13 16 -13 17 -13 16 -13 15 -12 15 -12 0 0 14 -13 14 -13 12 -13 13 -13 12 -14 11 -14 11 -14 11 -14 10 -14 10 -14 10 -14 10 -15 10 -15 9 -15 9 -16 9 -16 8 -17 7 -15 7 -16 7 -16 7 -16 6 -17 7 -17 6 -17 6 -16 6 -16 0 0 0 0 0 0 0 0 0 0 ]
CSI_DATA,AP,A4:CF:12:24:A1:20,-54,11,1,7,1,1,1,0,0,0,1,-95,0,6,1,12315177,0,82,0,0,12.4689,384,[82 -96 4 0 0 0 0 0 0 0 0 0 -25 -3 -25 -4 -24 -4 -24 -5 -24 -5 -24 -6 -23 -7 -24 -7 -23 -8 -22 -7 -21 -7 -21 -8 -21 -8 -21 -8 -21 -8 -20 -9 -20 -9 -19 -8 -19 -8 -19 -7 -19 -7 -18 -7 -18 -7 -18 -7 -17 -6 -18 -6 0 0 -17 -5 -17 -5 -17 -5 -16 -5 -16 -4 -17 -4 -16 -4 -17 -3 -17 -3 -16 -2 -16 -2 -16 -2 -17 -1 -17 -1 -16 -1 -17 -1 -16 0 -17 0 -17 0 -16 0 -16 1 -16 1 -17 2 -16 2 -16 2 -16 2 0 0 0 0 0 0 0 0 0 0 ]
CSI_DATA,AP,A4:CF:12:24:A1:20,-54,11,1,7,1,1,1,0,0,0,1,-95,0,6,1,12316308,0,82,0,0,12.4753,384,[82 -96 4 0 0 0 0 0 0 0 0 0 -23 -11 -22 -11 -22 -12 -22 -12 -21 -13 -20 -13 -20 -14 -20 -15 -19 -15 -19 -15 -18 -14 -18 -14 -17 -14 -17 -14 -17 -15 -16 -14 -16 -14 -16 -14 -16 -14 -15 -13 -15 -13 -15 -13 -15 -12 -15 -12 -14 -11 -15 -11 0 0 -15 -10 -15 -10 -15 -10 -15 -10 -15 -9 -14 -8 -14 -8 -15 -8 -15 -8 -15 -7 -15 -7 -15 -6 -15 -6 -16 -6 -16 -6 -16 -6 -15 -5 -16 -5 -16 -4 -16 -5 -16 -4 -16 -4 -16 -3 -16 -3 -16 -2 -16 -3 0 0 0 0 0 0 0 0 0 0 ]
CSI_DATA,AP,A4:CF:12:24:A1:20,-54,11,1,7,1,1,1,0,0,0,1,-95,0,6,1,12349515,0,82,0,0,12.5031,384,[82 -96 4 0 0 0 0 0 0 0 0 0 17 14 18 15 17 15 17 15 15 15 15 16 14 16 14 16 14 16 13 16 12 16 12 16 12 16 11 16 12 16 11 16 12 15 11 14 11 14 11 14 11 14 11 13 11 13 10 13 10 12 11 12 0 0 11 11 10 11 11 10 11 10 11 10 11 10 11 9 12 9 12 9 12 9 12 8 12 8 12 8 13 7 12 7 13 6 13 6 14 6 13 5 14 6 14 5 13 5 13 5 13 4 14 4 14 4 0 0 0 0 0 0 0 0 0 0 ]
CSI_DATA,AP,A4:CF:12:24:A1:20,-45,11,0,0,0,0,0,0,0,0,0,-95,0,6,1,12374581,0,37,0,0,12.5284,128,[37 80 2 0 0 0 0 0 0 0 0 0 14 -22 15 -21 15 -21 16 -20 17 -20 17 -18 17 -18 17 -17 17 -17 18 -16 18 -16 18 -15 18 -15 18 -14 17 -14 17 -14 17 -13 16 -13 16 -13 16 -13 16 -13 16 -13 15 -12 15 -12 15 -12 14 -13 0 0 14 -12 13 -13 13 -13 13 -13 12 -13 12 -13 12 -13 12 -13 11 -13 12 -14 11 -14 11 -14 10 -14 10 -14 10 -15 9 -15 9 -15 9 -15 9 -15 9 -15 9 -16 8 -16 8 -16 8 -16 8 -16 8 -16 0 0 0 0 0 0 0 0 0 0 ]
CSI_DATA,AP,A4:CF:12:24:A1:20,-45,11,0,0,0,0,0,0,0,0,0,-95,0,6,1,12375174,0,37,0,0,12.5347,128,[37 80 2 0 0 0 0 0 0 0 0 0 26 13 25 13 25 14 24 14 24 15 22 15 23 15 22 16 22 15 20 18 20 18 18 18 18 17 18 17 17 17 19 16 17 15 17 16 16 16 17 14 16 14 17 14 16 15 16 15 15 14 16 13 0 0 16 12 17 12 16 11 16 11 16 10 17 10 17 9 17 9 17 8 17 9 17 9 16 9 17 8 17 7 19 6 18 6 19 6 18 6 18 5 18 4 19 5 19 3 19 5 19 5 18 4 18 4 0 0 0 0 0 0 0 0 0 0 ]
CSI_DATA,AP,A4:CF:12:24:A1:20,-54,11,1,7,1,1,1,0,0,0,1,-95,0,6,1,12375504,0,122,0,0,12.54,384,[122 32 7 0 0 0 0 0 0 0 0 0 14 22 14 21 13 22 12 22 12 23 10 22 11 22 10 22 9 22 8 23 7 22 7 23 7 22 6 22 6 21 6 21 6 20 6 20 5 20 6 20 6 19 6 18 6 19 6 18 5 18 6 17 0 0 6 16 6 17 6 16 7 16 7 16 7 15 8 15 8 14 8 14 9 15 9 14 8 14 9 14 9 14 10 13 10 13 10 13 11 13 11 13 11 12 12 12 11 12 11 13 11 12 11 12 11 11 0 0 0 0 0 0 0 0 0 0 ]
CSI_DATA,AP,A4:CF:12:24:A1:20,-54,11,1,7,1,1,1,1,0,0,1,-95,1,6,1,12450797,0,122,0,0,12.6046,384,[122 32 7 0 0 0 0 0 0 0 0 0 9 -26 9 -25 10 -25 11 -24 11 -25 12 -23 12 -23 12 -22 13 -21 13 -21 13 -20 14 -19 13 -19 14 -20 13 -19 13 -18 13 -17 13 -17 13 -17 12 -18 12 -18 12 -17 12 -17 11 -16 11 -16 11 -16 0 0 10 -15 10 -16 9 -16 9 -16 9 -16 8 -16 7 -16 7 -16 7 -15 7 -16 7 -16 6 -16 6 -16 6 -17 5 -16 5 -16 4 -18 5 -17 4 -17 4 -17 4 -17 3 -17 3 -18 3 -18 3 -17 2 -17 0 0 0 0 0 0 0 0 0 0 ]
CSI_DATA,AP,A4:CF:12:24:A1:20,-54,11,1,7,1,1,1,1,0,0,1,-95,1,6,1,12551675,0,122,0,0,12.7054,384,[122 32 7 0 0 0 0 0 0 0 0 0 27 3 27 4 25 5 25 6 25 6 25 7 24 7 24 8 23 9 23 9 22 9 22 9 21 9 21 9 21 9 20 10 20 9 19 9 19 9 19 8 19 8 18 7 18 8 17 8 17 7 18 7 0 0 17 6 17 6 17 6 16 5 17 5 16 4 16 4 16 3 17 4 16 3 17 3 16 3 17 2 17 2 17 1 17 1 16 1 17 0 17 0 17 0 17 -1 16 -1 16 -1 16 -1 17 -1 17 -1 0 0 0 0 0 0 0 0 0 0 ]
CSI_DATA,AP,A4:CF:12:24:A1:20,-54,11,1,7,1,1,1,1,0,0,1,-95,1,6,1,12652647,0,122,0,0,12.8063,384,[122 32 7 0 0 0 0 0 0 0 0 0 -6 -25 -5 -24 -4 -25 -4 -25 -4 -25 -3 -24 -3 -24 -2 -24 -1 -23 -1 -23 -1 -23 0 -22 0 -22 0 -22 0 -22 0 -22 0 -21 0 -21 0 -21 0 -20 0 -20 0 -19 -1 -19 -1 -19 -1 -18 -1 -18 0 0 -1 -17 -1 -18 -2 -18 -2 -17 -2 -17 -2 -17 -3 -16 -4 -17 -4 -16 -5 -16 -5 -16 -5 -16 -5 -16 -6 -15 -6 -15 -6 -15 -6 -16 -7 -15 -7 -15 -7 -15 -7 -15 -7 -15 -8 -15 -